-- phpMyAdmin SQL Dump
-- version 5.2.0
-- https://www.phpmyadmin.net/
--
-- Servidor: 127.0.0.1
-- Tiempo de generación: 21-11-2022 a las 05:16:27
-- Versión del servidor: 10.4.25-MariaDB
-- Versión de PHP: 8.1.10

SET SQL_MODE = "NO_AUTO_VALUE_ON_ZERO";
START TRANSACTION;
SET time_zone = "+00:00";


/*!40101 SET @OLD_CHARACTER_SET_CLIENT=@@CHARACTER_SET_CLIENT */;
/*!40101 SET @OLD_CHARACTER_SET_RESULTS=@@CHARACTER_SET_RESULTS */;
/*!40101 SET @OLD_COLLATION_CONNECTION=@@COLLATION_CONNECTION */;
/*!40101 SET NAMES utf8mb4 */;

--
-- Base de datos: `salesland`
--

-- --------------------------------------------------------

--
-- Estructura de tabla para la tabla `candidato`
--

CREATE TABLE `candidato` (
  `cedula` varchar(10) NOT NULL,
  `nombre` varchar(80) NOT NULL,
  `apellido` varchar(80) NOT NULL,
  `genero` varchar(50) DEFAULT NULL,
  `direccion_domicilio` varchar(20) NOT NULL,
  `ciudad` varchar(20) NOT NULL,
  `provincia` varchar(50) DEFAULT NULL,
  `estado_civil` varchar(20) NOT NULL,
  `telefono_celular` varchar(10) DEFAULT NULL,
  `telefono_casa` varchar(10) DEFAULT NULL,
  `direccion_correo` varchar(50) NOT NULL,
  `fecha_nacimiento` varchar(10) NOT NULL,
  `edad` decimal(10,0) NOT NULL,
  `nacionalidad` varchar(20) DEFAULT NULL,
  `status` varchar(20) NOT NULL
) ENGINE=InnoDB DEFAULT CHARSET=utf8mb4;

--
-- Volcado de datos para la tabla `candidato`
--

INSERT INTO `candidato` (`cedula`, `nombre`, `apellido`, `genero`, `direccion_domicilio`, `ciudad`, `provincia`, `estado_civil`, `telefono_celular`, `telefono_casa`, `direccion_correo`, `fecha_nacimiento`, `edad`, `nacionalidad`, `status`) VALUES
('0AAF155779', 'EMILIANO', 'VON MÜHLINEN', '', 'ZAMORA 27', 'QUITO', 'PICHINCHA', 'SOLTERO', '999051161', '', 'emiliano.vonmuhlinen@gmail.com', '1994-5-6', '28', 'ECUATORIANO', 'postulante'),
('1003976451', 'DANNY STEVEN', 'RODRIGUEZ ECHEGARAY', '', 'JUAN DE SALINAS Y EL', 'IBARRA', 'IMBABURA', 'CASADO', '963243408', '', 'dannysr1996@gmail.com', '1996-3-1', '26', 'ECUATORIANO', 'postulante'),
('101890085', 'JUAN CARLOS', 'SERRANO VINTIMILLA', '', 'BENITO PÉREZ GALDOS ', 'CUENCA', 'AZUAY', 'CASADO', '07-288-67-', '', 'juank3268@gmail.com', '1968-2-3', '54', 'ECUATORIANO', 'postulante'),
('103519815', 'MARIA DEL CARMEN', 'FEICAN VELEZ', '', 'RAFAEL CHICO 158 Y N', 'CUENCA', 'AZUAY', 'DIVORCIADA', '999767100', '', 'maridelcarmenfeican627@gmail.com', '1974-5-11', '48', 'ECUATORIANA', 'postulante'),
('103690301', 'MARCELO EDUARDO', 'GONZALEZ MINCHALA ', '', 'PASA CALLE 1-99 Y NI', 'CUENCA', 'AZUAY', 'CASADO', '981558539', '', 'edug2012@hotmail.com', '1989-8-12', '33', 'ECUATORIANA', 'postulante'),
('103871893', 'DIEGO IGNACIO', 'HURTADO FLORES', '', 'SANTIAGO CARRASCO Y ', 'CUENCA', 'AZUAY', 'DIVORCIADO', '995259466', '', 'avidigitalcuenca@gmail.com', '1985-5-15', '37', 'ECUATORIANO', 'postulante'),
('104134069', 'LOURDES ELIZABETH ', 'HOYOS MARURY  ', '', 'EL BOSQUE DE MONAY ', 'CUENCA', 'AZUAY', 'CASADO', '987224764', '', 'ely-h@hotmail.com', '1979-7-22', '43', 'ECUATORIANA', 'postulante'),
('104184387', 'MAYRA ALEXANDRA ', 'ORTIZ PARRA', '', 'VICTORIA DEL PORTETE', 'CUENCA', 'AZUAY', 'CASADA', '995785712', '', 'maya_ortiz19@hotmail.com', '1987-9-27', '35', 'ECUATORIANA', 'postulante'),
('104298013', 'JHONNY XAVIER', 'VACACELA COSTA  ', '', 'URBANIZACIÓN LOS CAP', 'CUENCA', 'AZUAY', 'CASADO', '987797112', '', 'jhonnyjvc1202@hotmail.com', '1980-2-12', '42', 'ECUATORIANO', 'postulante'),
('104364708', 'MARIA BELEN', 'CARRION ARRIETA ', '', 'SANTA MARÍA SAYAUSI ', 'CUENCA', 'AZUAY', 'VIUDO', '4191331- 0', '', 'babenetqm@hotmail.com', '1987-2-11', '35', 'ECUATORIANO', 'postulante'),
('104368147', 'DIANA CATALINA', 'PATIÑO URGILES ', '', 'RIO MALACATUS 4-36', 'CUENCA', 'CASUAY', 'CASADA ', '5.94E+11', '', 'dianiscpu@hotmail.com', '1983-1-21', '39', 'ECUATORIANA', 'postulante'),
('104556915', 'FREDDY XAVIER ', 'ZHIZHINGO OJEDA', '', 'JORGE AGUSTÍN KAISER', 'CUENCA', 'AZUAY', 'CASADO', '0983352936', '', 'zaermc@hotmail.com', '1994-1-1', '28', 'ECUATORIANO', 'postulante'),
('104711775', 'CHRISTIAN EDUARDO', 'ANDRADE CONDO', '', 'La Colina y Huasipun', 'CUENCA', 'AZUAY', 'CASADO', '998277547', '', 'chrisandrade1122@gmail.com', '1984-11-22', '37', 'ECUATORIANO', 'postulante'),
('104729298', 'JORGE VINICIO ', 'CALLE CHACA ', '', 'MARISCAL LAMAR 7 -56', 'CUENCA', 'AZUAY', 'CASADO', '998146464', '', 'dannis21@hotmail.com', '1983-4-12', '39', 'ECUATORIANA', 'postulante'),
('104835251', 'ALEXANDRA ESTEFANIA', 'VILLA TORRES', '', 'GENERAL ARTIGAS 4-64', 'CUENCA', 'AZUAY', 'SOLTERO', '983394393', '', 'ale_tef@hotmail.com', '1994-3-9', '28', 'ECUATORIANO', 'postulante'),
('104851159', 'OLGA MARIA', 'SAMANIEGO OJEDA', '', 'DOLORES J. TORRES  Y', 'CUENCA', 'AZUAY', 'CASADA', '959616228', '', 'mary4456@hotmail.es', '1981-10-25', '41', 'ECUATORIANA', 'postulante'),
('104857115', 'JESSICA JOHANNA', 'MATUTE CAJAS', '', 'ALONSO DE ZAMORA Y L', 'CUENCA', 'AZUAY', 'CASADO', '0998914636', '', 'jjmatute07@hotmail.com', '1988-10-17', '34', 'ECUATORIANO', 'postulante'),
('104908157', 'SAMANTHA ESTEFANIA', 'ANDRADE QUINTUÑA ', '', 'CIUDADELA TOMEBAMBA', 'CUENCA', 'AZUAY', 'DIVORCIADA', '995771950', '', 'sammyjfk4@hotmail.com', '1971-6-4', '51', 'ECUATORIANA', 'postulante'),
('105034649', 'MARIA DANIELA ', 'SOLIS AVILES', '', 'SERRANO ABAD 1-15 Y ', 'CUENCA', 'AZUAY', 'CASADA', '995260662', '', 'dannis21@hotmail.com', '1990-5-21', '32', 'ECUATORIANA', 'postulante'),
('105269823', 'JUAN CARLOS', 'IZQUIERDO PEÑALOZA', '', 'RICARDO MARQUEZ Y AR', 'CUENCA', 'AZUAY', 'CASADO', '8', '', 'juanizquierdo11990@gmail.com', '1990-11-9', '32', 'ECUATORIANO', 'postulante'),
('105357792', 'TAMARA CRISTINA ', 'AREVALO URGILES  ', '', 'RIO MALACATOS 436 Y ', 'CUENCA', 'AZUAY', 'DIVORCIADA', '992645595', '', '	tami.arevalo0330@gmail.com', '1993-10-2', '29', 'ECUATORIANA', 'postulante'),
('105507628', 'JUANA SOLEDAD', 'PRIEDRA ZAVALA ', '', 'BARRIO BAÑOS', 'CUENCA', 'AZUAY', 'CASADA', '984767762', '', 'sapis_16@hotmail.com', '1989-6-10', '33', 'ECUATORIANO', 'postulante'),
('105564280', 'JENNIFER ELIANA', 'FAICAN VASQUEZ', '', 'CDLA LOS CANTONES', 'CUENCA', 'AZUAY', 'SOLTERO', '995517453', '', 'eli_faican@hotmail.com', '1995-10-6', '27', 'ECUATORIANO', 'postulante'),
('105674261', 'GLENDA PRISCILLA', 'RAMOS AYORA', '', 'Vega Muñoz 12 _76 y ', 'CUENCA', 'AZUAY', 'CASADA ', '961596007 ', '', 'gleamema@gmail.com', '1987-3-12', '35', 'ECUATORIANA', 'postulante'),
('105711782', 'KAREN ANTONELA', 'JIMENEZ TACURI ', '', 'CALLE ZARAHURCO Y AN', 'CUENCA', 'AZUAY', 'SOLTERO', '995963651', '', 'karenjimenezta98@gmail.com', '1998-3-19', '24', 'ECUATORIANO', 'postulante'),
('105747521', 'SANTIAGO SEBASTIAN', 'SALAZAR VASQUEZ ', '', 'ERNESTO ALBAN Y PACI', 'CUENCA', 'AZUAY', 'SOLTERO', '979683965', '', 'joansebaz@gmail.com', '1993-7-15', '29', 'ECUATORIANO', 'postulante'),
('105768154', 'ANDRES SANTIAGO ', 'PATIÑO TAPIA ', '', 'AV. LAS AMÉRICAS Y C', 'CUENCA', 'AZUAY', 'SOLTERO', '099 449 24', '', 'santiago.patino1993@gmail.com', '1993-5-20', '29', 'ECUATORIANO', 'postulante'),
('105836720', 'DIANA PATRICIA ', 'YEPEZ PALOMEQUE', '', 'AV. PUMAPUNGO Y JOSE', 'CUENCA', 'AZUAY', 'DIVORCIADO', '999227571', '', 'dyepezsarbel@gmail.com', '1988-10-17', '34', 'ECUATORIANO', 'postulante'),
('105842611', 'LEONARDO MANUEL', 'YUNGA CHIMBO', '', 'PUERTO DE PALOS Y CI', 'CUENCA', 'AZUAY', 'CASADO', '968422984', '', 'leonardoyunga22@gmail.com', '1988-11-25', '33', 'ECUATORIANO', 'postulante'),
('105886162', 'JESSICA GABRIELA ', 'RODRIGUEZ QUITO ', '', 'SAYAUSI CORAZON DE J', 'CUENCA', 'AZUAY', 'CASADO', '998016677', '', 'jessimadai2012@gmail.com', '1990-7-23', '32', 'ECUATORIANO', 'postulante'),
('106081086', 'ROMAN NICOLAS', 'VALLEJO DELEG ', '', 'AV. DEL MIGRANTE Y G', 'CUENCA', 'AZUAY', 'SOLTERO', '996937731', '', 'nicolas.vallejo@ucuenca.edu.ec	', '1995-10-5', '27', 'ECUATORIANA', 'postulante'),
('106390214', 'PAOLA YESSENIA', 'GONZALEZ ALBARRACIN', '', 'FEDERICO MALO Y TADE', 'CUENCA', 'AZUAY', 'DIVORCIADO', '992795906', '', 'gonzalezalvarracin@gmail.com', '1996-3-28', '26', 'ECUATORIANO', 'postulante'),
('106588429', 'NELLY LILIANA', 'RAMIREZ RUBIO', '', 'EL BOSQUE 1 DE MONAY', 'CUENCA', 'AZUAY', 'SOLTERO', '967585152', '', 'li.ramirezr89@gmail.com', '1989-7-22', '33', 'ECUATORIANO', 'postulante'),
('106667637', 'ANDREA GABRIELA', 'LUNA JACHO', '', 'MARIANO ESTRELLA Y C', 'CUENCA', 'AZUAY', 'SOLTERO', '992041413', '', 'andrea546852@gmail.com', '1996-2-16', '26', 'ECUATORIANO', 'postulante'),
('107143315', 'STEVEN XAVIER', 'URGILES NOGUERA', '', 'CALLE ROMA Y VIENA', 'CUENCA', 'AZUAY', 'SOLTERO', '9980459762', '', 'steven4urgiles@gmail.com', '1993-5-4', '29', 'ECUATORIANO', 'postulante'),
('1103878391', 'CRISTIAN GONZALO ', 'GARCIA MENDIETA  ', '', 'EL BATAN AV. GASPAR ', 'QUITO', 'PICHINCHA', 'DIVORCIADO', '967402020', '', 'cris141181@gmail.com', '1981-11-14', '41', 'ECUATORIANO', 'postulante'),
('1104077514', 'LEONARDO ESTEBAN ', 'BRAVO CASTILLO', '', 'AV. TURUGUAICO Y ENR', 'CUENCA', 'AZUAY', 'SOLTERO', '979890120', '', '	nayobravocastillo@gmail.com', '1991-1-28', '31', 'ECUATORIANA', 'postulante'),
('1104480049', 'TANIA YAMILETH', 'MAITA SARANGO', '', 'VIA SININCAY CRUCE D', 'CUENCA', 'AZUAY', 'UNION DE HECHO', '999866779', '', 'yamiledth24@gmail.com', '1991-4-24', '31', 'ECUATORIANO', 'postulante'),
('1105419533', 'JONATHAN ALEXANDER ', 'SANTOS ROMERO ', '', 'CALLE HERMANDAD FERR', 'QUITO', 'PICHINCHA', 'SOLTERO ', '999066021', '', 'jasantos12@hotmail.com', '1992-12-12', '29', 'ECUATORIANA ', 'postulante'),
('1205470881', 'ALEXANDRA ELIZABETH', 'VARGAS MOLINA', '', 'AV MALDONADO CALLE J', 'QUITO', 'PICHINCHA', 'SOLTERA ', '999233183', '', 'alexandra1205470881@hotmail.com	', '1996-6-19', '26', 'ECUATORIANA ', 'postulante'),
('1207805472', 'MARITZA ESMERALDA', 'AROCA ALVARADO', '', 'EL SALTO COOP. JORGE', 'BABAHOYO', 'LOS RIOS', 'SOLTERO', '982052504', '', 'maritza15aroca@gmail.com', '2000-3-15', '22', 'ECUATORIANO', 'postulante'),
('1207825470', 'JOSE ALEXANDER', 'MORALES ALVEAR', '', 'MEJIA Y VARGAS MACHU', 'BABAHOYO', 'LOS RIOS', 'SOLTERO', '986317149', '', 'am2785669@gmail.com', '2002-6-14', '20', 'ECUATORIANO', 'postulante'),
('1312668831', 'CRISTIAN FABIAN', 'SALAZAR MAZAMBA', '', 'JOAQUIN ZALDUMBIDE E', 'QUITO', 'PICHINCHA', 'CASADO', '988887832', '', 'smcfabian@gmail.com', '1987-4-8', '35', 'ECUATORIANA ', 'postulante'),
('1313744102', 'JOSE ALFREDO', 'FRANCO MENDOZA', '', 'CALLE 5 DE MAYO-MONT', 'MANTA', 'MANABÍ', 'SOLTERO', '968662194', '', 'joseph92-n_@hotmail.com', '1992-3-2', '30', 'ECUATORIANO', 'postulante'),
('1315575199', 'JORGE EDUARDO', 'ECHEVERRIA PALACIOS', '', 'RICAURTE', 'CUENCA', 'AZUAY', 'SOLTERO', '0996799977', '', 'jorge3690@hotmail.com', '1999-7-19', '23', 'ECUATORIANO', 'postulante'),
('1400611537', 'LUIS GABRIEL', 'RIVADENEIRA ORTIZ', '', 'MANUEL VEGA Y JUAN J', 'CUENCA', 'AZUAY', 'SOLTERO', '962895128', '', 'gabojer23@outlook.es', '1991-4-13', '31', 'ECUATORIANO', 'postulante'),
('1401173990', 'GEOVANNY GENARO', 'PINOS PALACIOS', '', 'VIA A MALUAY SECTOR ', 'CUENCA', 'AZUAY', 'SOLTERO', '982095715', '', 'geovannyjr17@gmail.com', '1995-4-2', '27', 'ECUATORIANO', 'postulante'),
('152291324', 'LISMAR CAROL ', 'SOTO LOPEZ', '', 'CUENCA, AV. HÉROES D', 'CUENCA', 'AZUAY', 'SOLTERO', '963285654', '', 'lismarcarolsl@gmail.com', '1993-6-14', '29', 'VENEZOLANO', 'postulante'),
('1709363517', 'SANTIAGO', 'SARMIENTO ABARCA', '', 'LOS CEDROS OE3-290 Y', 'QUITO', 'PICHINCHA', 'DIVORCIADO', '593)998216', '', 'sarmientos16@hotmail.com', '1981-6-13', '41', 'ECUATORIANO', 'postulante'),
('1709592081', 'MARIA PAULINA ', 'ARGUELLO BURBANO ', '', 'FRANCISCO HERNANDEZ ', 'QUITO', 'PICHINCHA', 'CASADO', '999668796', '', 'dgpaulipau@hotmail.com', '1970-9-13', '52', 'ECUATORIANO', 'postulante'),
('1710936590', 'CARLA KARINA', 'ALMEIDA ESPINOSA', '', 'CALLE SANTA TERESA Y', 'QUITO', 'PICHINCHA', 'CASADO', '987953113', '', 'karyalmeida@live.com', '1975-12-10', '46', 'ECUATORIANO', 'postulante'),
('1711185528', 'VERONICA ALEXANDRA', 'LARA ALVAREZ', '', 'SAN MIGUEL DE CONOCO', 'QUITO', 'PICHINCHA', 'CASADO', '0996794316', '', 'cuca1226@gmail.com', '1986-2-12', '36', 'ECUATORIANO', 'postulante'),
('1711731651', 'ANDRÉS FERNANDO ', 'BORJA VITER', '', 'SECTOR PUSUQUI. AV. ', 'QUITO', 'PICHINCHA', 'CASADO', '995669000', '', 'andyborja@gmail.com', '1997-8-21', '25', 'ECUATORIANO', 'postulante'),
('1712366333', 'ISRAEL BERTIN', 'VALLEJO VIVANCO', '', 'AV. QUITUMBE Y CONDO', 'QUITO', 'PICHINCHA', 'CASADO', '0991137225', '', 'celteim.info@yahoo.com', '1986-10-5', '36', 'ECUATORIANO', 'postulante'),
('1712908662', 'KATHERINE MIREYA', 'SALAZAR MOPOSITA', '', 'CARAN S/N Y DE LOS C', 'QUITO', 'PICHINCHA', 'CASADA', '958869084', '', 'katham0907@gmail.com', '1977-7-9', '45', 'ECUATORIANO', 'postulante'),
('1713109385', ' MARIA SOLEDAD', 'MENA COBA  ', '', 'MIRAFLORES ALTO RITH', 'QUITO', 'PICHINCHA', 'DIVORCIADO', '987511757', '', 'solmena1@outlook.es', '1979-7-29', '43', 'ECUATORIANA', 'postulante'),
('1713173712', 'FREDDY ESTEBAN', 'VILLACRES LARA ', '', 'AV. MOSCU N354 Y REP', 'QUITO', 'PICHINCHA', 'SOLTERO', '999911111', '', 'estebanvillacreslara@icloud.com', '1980-10-18', '42', 'ECUATORIANO', 'postulante'),
('1713311718', 'MARCELO GEOVANNY ', 'PAZMIÑO HERRERA ', '', 'E 35 AV JOSE MARIA P', 'QUITO', 'PICHINCHA', 'CASADO', '0969182147', '', 'maercegpp@gmail.com', '1980-6-2', '42', 'ECUATORIANO', 'postulante'),
('1713316386', 'TAMARA PAULINA', 'ESPINOSA DONOSO', '', 'LAS FUENTES N65-45 Y', 'QUITO', 'PICHINCHA', 'SOLTERO', '987162917', '', 'etamara_paulina@outlook.com', '1978-12-19', '43', 'ECUATORIANO', 'postulante'),
('1714438635', 'MAROLA ALEJANDRA', 'TAMAYO COELLO', '', 'CALLE ORION Y GALAXI', 'QUITO', 'PICHINCHA', 'DIVORCIADO', '993862704', '', 'alejandratamayoc@gmail.com', '1979-1-26', '43', 'ECUATORIANO', 'postulante'),
('1714940093', 'COLON CHRISTIAN', 'CALDERON CRUZ  ', '', 'Delfín Treviño y Jos', 'QUITO', 'PICHINCHA', 'CASADO', '998591797', '', 'chris_cc78@hotmail.es', '1978-3-3', '44', 'ECUATORIANO', 'postulante'),
('1715288831', 'MARÍA FERNANDA ', 'JARAMILLO MOLINA', '', 'EDUARDO CRESPO MALO ', 'CUENCA', 'AZUAY', 'CASADO', '984755978', '', 'mafer_j.m@hotmail.com', '1993-9-2', '29', 'ECUATORIANO', 'postulante'),
('1716131295', 'NORMA CECILIA ', 'VIVAS ORELLANA ', '', 'COOPERATIVA PUEBLO S', 'QUITO', 'PICHINCHA ', 'DIVORCIADA', '2695 840 /', '', 'normis_ceci21@hotmail.com', '1986-9-5', '36', 'Ecuatoriano ', 'postulante'),
('1716297815', 'MARIA GLORIA ', 'PASQUEL ACHIG ', '', 'Mital del Mundo, Con', 'QUITO', 'PICHINCHA', 'CASADO', '995575822', '', 'mariagloriapasq@yahoo.es', '1979-11-24', '42', 'ECUATORIANO', 'postulante'),
('1716531742', 'HUGO ADRIAN ', 'GUACHAMIN CAZA', '', 'AV DIEGO DE VASQUEZ ', 'QUITO', 'PICHINCHA', 'CASADO', '999706816', '', 'hugoguachamin@hotmail.com', '1993-2-15', '29', 'ECUATORIANO', 'postulante'),
('1716593833', 'LUIS ALBERTO', 'POSSO GARCIA ', '', 'Tambillo, Valle Herm', 'QUITO', 'PICHINCHA', 'CASADO', '995636166', '', 'lpossogarcia38@hotmail.com', '1980-5-9', '42', 'ECUATORIANA', 'postulante'),
('1716635691', 'ALEJANDRO XAVIER', 'CRUZ CRUZ', '', 'MACHALA Y JOSE FIGUE', 'QUITO', 'PICHINCHA', 'SOLTERO', '0963924057', '', ' alejo_cruz14@hotmail.com', '1991-8-9', '31', 'ECUATORIANO', 'postulante'),
('1716903438', 'JONATHAN MAURICIO', 'CELI VELEZ ', '', 'GENERAL DUMA  E15-36', 'QUITO', 'PICHINCHA', 'CASADO', '991397784', '', 'jonasjc82@gmail.com', '1982-10-8', '40', 'ECUATORIANA', 'postulante'),
('1717524035', 'JONATHAN FABIAN', 'LOAYZA AGUILAR ', '', 'CALLE AUCAS N51-81 Y', 'QUITO', 'PICHINCHA', 'SOLTERO', '996358054', '', 'jonatha.f.loayza@gmail.com', '1988-12-24', '33', 'ECUATORIANO', 'postulante'),
('1717536948', 'CAROLINA ESTEFANIA ', 'VILLACIS VALDIVIEZO ', '', 'Quito Sur, Juan Cald', 'QUITO', 'PICHINCHA', 'SOLTERO', '993650194', '', 'carito220813@gmail.com', '1989-10-10', '33', 'ECUATORIANO', 'postulante'),
('1717552200', 'ANGELITA JOHANNA  ', 'ESCOBAR MORENA', '', 'CRISTOBAL LUMIANO N5', 'QUITO', 'PICHINCHA', 'SOLTERA', '999988111', '', 'angieskobar@hotmail.com', '1985-8-14', '37', 'ECUATORIANA ', 'postulante'),
('1717828824', 'GIOVANNY SANTIAGO ', 'ILBAY ARÉVALO  ', '', 'CONJ. HAB. EEQ, MZ. ', 'QUITO', 'PICHINCHA', 'CASADO', '979327233', '', 'giova_santi1992@hotmail.com', '1992-3-19', '30', 'ECUATORIANO', 'postulante'),
('1718249871', 'JOSE MIGUEL', 'CELI LATORRE ', '', 'GRANDA CENTENO SECTO', 'QUITO', 'PICHINCHA', 'SOLTERO ', '990511658', '', 'josemiguelceli@hotmail.com', '1999-3-3', '23', 'ECUATORIANA ', 'postulante'),
('1718292137', 'VICTOR HUGO', 'SUAREZ MENESES', '', 'JUAN DE PRADO S8 253', 'QUITO', 'PICHINCHA', 'SOLTERO', '963057023', '', 'victormh32@hotmail.com', '1984-12-21', '37', 'ECUATORIANO', 'postulante'),
('1718402603', 'TAMARA SAMANTA ', 'PALACIOS SALAZAR ', '', 'CUTUGLAHUA SAN JOSE', 'QUITO', 'PICHINCHA', 'SOLTERO', '984786880', '', 'tamarapalacios78@gmail,com', '1997-8-22', '25', 'ECUATORIANO', 'postulante'),
('1718533019', 'FERNANDO ALEX', 'CHACON ZAVALA ', '', 'PALENQUE BLOQUE E 44', 'QUITO', 'PICHINCHA', 'SOLTERO', '0967304838', '', 'alex_chacon23@hotmail.com', '1984-1-31', '38', 'ECUATORIANO', 'postulante'),
('1718656919', 'PABLO ESTEBAN', 'CISNEROS VASQUEZ', '', 'CONJUNTO DIGGAGIO CA', 'QUITO', 'PICHINCHA', 'SOLTERO ', '993413039', '', 'paesciva@outlook.com', '1996-6-13', '26', 'ECUATORIANA ', 'postulante'),
('1718661463', 'MARIA DEL PILAR', 'TENORIO AJILA ', '', 'MARCEL LANEADO Y 11A', 'MACHALA', 'EL ORO', 'CASADO', '0963981616', '', 'pillith_riola17@hotmail.com', '1986-1-17', '36', 'ECUATORIANO', 'postulante'),
('1718857335', 'LORENA CECILIA ', 'VERA VENEGAS', '', 'AMBUQUI OE5-42 Y CAR', 'QUITO', 'PICHINCHA', 'CASADO', '987534446', '', 'lorena.vera8@hotmail.com', '1984-1-8', '38', 'ECUATORIANO', 'postulante'),
('1719004804', 'KAREN JACKELINE', 'SOBREVILLA LUCERO ', '', 'CONOCOTO', 'QUITO', 'PICHINCHA', 'SOLTERO', '984258031', '', 'angie_sl@hotmail.es', '1990-10-19', '32', 'ECUATORIANO', 'postulante'),
('1719360685', 'ANDREA SOLEDAD', 'OTERO YEPEZ ', '', 'AV. MORO MORO TURUBA', 'QUITO', 'PICHINCHA', 'SOLTERO', '963102271', '', 'andy.sol.2@hotmail.com', '1985-1-16', '37', 'ECUATORIANO', 'postulante'),
('1719620898', 'ALISSON MISHELL ', 'GALEAS VILLOTA ', '', 'PINOS DE MIRANDA. RI', 'QUITO', 'PICHINCHA', 'SOLTERO', '0998188654', '', 'alissongaleas@gmail.com', '1999-11-7', '23', 'ECUATORIANO', 'postulante'),
('1719779496', 'LUIS EDUARDO', 'VARGAS REYES', '', 'MARISCAL SUCRE Y CHI', 'QUITO', 'PICHINCHA', 'SOLTERO', '959218815', '', 'eduva2109.evr@gmail.com', '1986-9-21', '36', 'ECUATORIANO', 'postulante'),
('1719818567', 'FRANCISCO XAVIER', ' OQUENDO OLALLA ', '', 'AV. LOS LIBERTADORES', 'QUITO', 'PICHINCHA', 'CASADO', '999000015', '', ' francisco.oquendo87@gmail.com', '1987-4-16', '35', 'ECUATORIANO', 'postulante'),
('1719965806', 'ERICK FABRICIO ', 'COLCHA QUISHPE', '', 'YURAC Y JUAN VÁSQUEZ', 'QUITO', 'PICHINCHA', 'SOLTERO', '025142274/', '', 'chavorck72@gmail.com', '1997-9-27', '25', 'ECUATORIANO', 'postulante'),
('1719967661', 'JORGE OSWALDO', 'MORENO NORIEGA', '', 'CAUPICHO', 'QUITO', 'PICHINCHA', 'CASADO', '962757006', '', 'jorge_jom@hotmail.com', '1989-2-6', '33', 'ECUATORIANO', 'postulante'),
('1720035698', 'JAVIER EDUARDO', 'VITERI ALULEMA', '', 'ALAQUEZ E6-226 Y PED', 'QUITO', 'PICHINCHA', 'DIVORCIADO', '(02) 2649-', '', 'javiviteri1985@hotmail.com', '1985-11-24', '36', 'ECUATORIANO', 'postulante'),
('1720039203', ' ANA LORENA', 'MAILA RAMIREZ', '', 'LA PIO XII CALLER EL', 'QUITO', 'PICHINCHA', 'CASADA ', '5.94E+11', '', 'anitalorena190223@gmail.com', '1992-10-9', '30', 'ECUATORIANA', 'postulante'),
('1720281391', 'SHARON MICHELLE', 'HERMOSA ALBAN ', '', 'CARLOS BONILLA Y HER', 'QUITO', 'PICHINCHA', 'SOLTERA', '5.94E+11', '', 'shermosa1995@gmail.com', '1995-7-25', '27', 'ECUATORIANA', 'postulante'),
('1720336096', ' BRYAN EMILIO', 'SUBIA IMBAQUINGO ', '', 'CONOCOTO', 'QUITO', 'PICHINCHA', 'SOLTERO', '998687656', '', 'bryanemilio1@gmail.com', '1998-4-25', '24', 'ECUATORIANO', 'postulante'),
('1720691789', 'CRISTIAN FABIAN', 'GUEVARA MAZA ', '', 'SANTA ANITA 2 CALLE ', 'QUITO', 'PICHINCHA', 'SOLTERO', '+593 95895', '', 'cfabian_de25@hotmail.com', '1991-4-26', '31', 'ECUATORIANA', 'postulante'),
('1720720240', 'ALEXIS DAVID', 'QUIROGA FERNANDEZ', '', 'Av. General Rumiñahu', 'QUITO', 'PICHINCHA', 'CASADO', '962612615', '', 'crash_axel_85@hotmail.com', '1985-9-7', '37', 'ECUATORIANO', 'postulante'),
('1721041612', 'JUAN CARLOS ', 'VELASCO GUERRA', '', 'NICOLAS DE LA PEÑA S', 'QUITO', 'PICHINCHA', 'SOLTERO ', '999692917', '', 'danny0878velasco@gmail.com', '1990-5-26', '32', 'ECUATORIANA ', 'postulante'),
('1721302162', 'ANDRES FERNANDO', 'TANGUILA PUCHA', '', 'AV. EL CARMEN S/N Y ', 'QUITO', 'PICHINCHA', 'SOLTERO', '0999966512', '', 'andrestanguila@gmail.com', '1990-11-19', '32', 'ECUATORIANO', 'postulante'),
('1721395034', 'CRISTOPHER ALEXANDER', 'FERNANDEZ ÑACATO', '', 'MIGUEL ALONSO Y GONZ', 'QUITO', 'PICHINCHA', 'SOLTERO ', '987444170', '', 'alexander.fer86@gmail.com', '1998-4-16', '24', 'ECUATORIANA ', 'postulante'),
('1721399754', 'NATALY ELIZABETH ', 'FABARA SALAZAR ', '', 'SEBASTIAN DE BENALCA', 'QUITO', 'PICHINCHA', 'SOLTERO', '023131094/', '', ' nathyfabara1305@gmail.com', '1988-5-13', '34', 'ECUATORIANO', 'postulante'),
('1721402475', 'ANDRE FRANCISCO', 'CORRAL AVALOS', '', 'JUAN PROCEL OE6-536 ', 'QUITO', 'PICHINCHA', 'SOLTERA ', '998333561', '', 'andrecorralavalos@gmail.com', '1992-9-26', '30', 'ECUATORIANA ', 'postulante'),
('1721595690', 'ANDRES SEBASTIAN', 'GRANDA ESPINOZA ', '', 'ES AV ELOY ALFARO Y ', 'QUITO', 'PICHINCHA', 'SOLTERO', '983663365', '', 'andresgranda@hotmail.es', '1997-7-18', '25', 'ECUATORIANO', 'postulante'),
('1721792099', 'CYNTHIA ALEJANDRA', 'FUENTES RODRIGUEZ ', '', 'AV. MALDONADO DIAGON', 'QUITO', 'PICHINCHA', 'DIVORCIADO', '963698729', '', ' eliasathan.af@gmail.com', '1992-7-7', '30', 'ECUATORIANO', 'postulante'),
('1721832358', 'LUIS DAVID', 'ONTANEDA VERDEZOTO ', '', 'JOSEFA CALIPSTO SECT', 'QUITO', 'PICHINCHA', 'CASADO', '995103934', '', 'dadmat_pro@hotmail.com', '1988-4-4', '34', 'ECUATORIANA ', 'postulante'),
('1722169701', 'ERICK ANDRES ', 'GRANIZO SUAREZ', '', 'URBANIZACIÓN PUSUQUI', 'QUITO', 'PICHINCHA', 'CASADO', '984056530', '', 'jaic_5155@hotmail.com', '1991-12-15', '30', 'ECUATORIANO', 'postulante'),
('1722206958', 'ALBA CAROLINA', 'ENRIQUEZ DE LA CADENA', '', 'LA ARMENIA', 'QUITO', 'PICHINCHA', 'CASADO', '0996469753', '', 'jorge_jom@hotmail.com', '1993-2-5', '29', 'ECUATORIANO', 'postulante'),
('1722339320', 'NICOLAS MATIAS', 'CONDO GARCIA', '', 'MALDONADO CONJUNTO C', 'QUITO', 'PICHINCHA', 'SOLTERO', '963809458', '', 'nicolascondo87@gmail.com', '1998-1-2', '24', 'ECUATORIANO', 'postulante'),
('1722525019', 'VALERIA LISZETH', 'GRIJALVA ROCHA ', '', 'LLANO GRANDE', 'QUITO', 'PICHINCHA', 'CASADO', '983955573', '', 'vlgrijalvar@hotmail.com', '1987-11-20', '35', 'ECUATORIANO', 'postulante'),
('1722616057', 'FERNANDA SALOME', 'CELA CABASCANGO ', '', 'EL CALZADO', 'QUITO', 'PICHINCHA', 'SOLTERO', '963709406', '', 'ferziithacela.97@gmail.com', '1997-11-8', '25', 'ECUATORIANO', 'postulante'),
('1722630884', 'ANA ESTEFANIA ', 'OSORIO TEJADA ', '', 'CACIQUE COQUIMBO 1-0', 'CUENCA', 'AZUAY', 'SOLTERO', '998839838', '', 'anny.estefy@gmail.com', '1990-8-17', '32', 'ECUATORIANA', 'postulante'),
('1722887070', 'JOSELIN ANABEL', 'CANDO CIFUENTES', '', 'AV CARDENAL DE LA TO', 'QUITO', 'PICHINCHA', 'SOLTERA', '979279685', '', 'candoanabel587@gmail.com', '1992-8-16', '30', 'ECUATORIANA ', 'postulante'),
('1723506521', 'ALEX DAVID', 'TOAPANTA NAVARRETE', '', 'AV MALDONADO KM 11 1', 'QUITO', 'PICHINCHA', 'SOLTERO ', '988264011', '', '	alextoa90@hotmail.com', '1990-7-8', '32', 'ECUATORIANA ', 'postulante'),
('1723625859', 'ROBERTO ALEJANDRO ', 'CABEZAS LÓPEZ', '', 'CONDADO', 'QUITO', 'PICHINCHA', 'SOLTERO', '99 817 400', '', 'robertohp94@hotmail.com', '1994-1-7', '28', 'ECUATORIANO', 'postulante'),
('1723654263', 'MICHAEL ANDRÉS', 'ORTIZ RODRÍGUEZ', '', 'AV. MARISCAL SUCRE C', 'QUITO', 'PICHINCHA', 'SOLTERO', '995862812', '', 'ortiz.michaelandres@gmail.com', '1992-3-24', '30', 'ECUATORIANO', 'postulante'),
('1724019425', 'JESSICA GABRIELA ', 'ROSALES  MALDONADO ', '', 'CALLE HUMBERTO HINOJ', 'QUITO', 'PICHINCHA', 'SOLTERA', '998151774', '', 'jessy_r.m@hotmail.com', '1990-4-23', '32', 'ECUATORIANA ', 'postulante'),
('1724124084', 'JEFFERSON ANDRES', 'CAJAS PICHUCHO', '', 'Abdón Calderón y val', 'QUITO', 'PICHINCHA', 'SOLTERO', '02-3699019', '', 'jcajasp2@est.ups.edu.ec', '1996-5-31', '26', 'ECUATORIANO', 'postulante'),
('1724612641', 'JONATHAN HERNÁN', 'CORDOVA GAIBOR', '', 'SAN CARLOS', 'QUITO', 'PICHINCHA', 'SOLTERO', '996575221', '', 'jhonninterista@gmail.com', '1987-11-20', '0', 'ECUATORIANO', 'postulante'),
('1724643638', 'KENIA KATRINA', 'JARAMILLO ESPINOZA', '', 'CONJUNTO PRADOS DEL ', 'QUITO', 'PICHINCHA', 'SOLTERO', '992597720', '', 'kenia_dora_jaramillo22@hotmail.com', '1995-5-12', '27', 'ECUATORIANO', 'postulante'),
('1724717176', 'JENNY ELIZABETH ', 'CEDEÑO DIAZ ', '', 'EDMUNDO CARVAJAL TUM', 'QUITO', 'PICHINCHA', 'SOLTERA', '967340040', '', 'jennyco463@gmail.com', '1994-5-26', '28', 'ECUATORIANA ', 'postulante'),
('1724762859', 'BENJAMIN JAIME ', 'ROBALINO LAVAYEN ', '', 'ALFONSO LAMIÑA Y 24 ', 'QUITO', 'PICHINCHA', 'SOLTERO', '9984150630', '', 'robalin92411@gmail.com', '1992-11-24', '29', 'ECUATORIANA', 'postulante'),
('1725120941', 'DAVID ALEJANDRO', 'BASANTES JACOME  ', '', 'Francisco de Victori', 'QUITO', 'PICHINCHA', 'SOLTERO', '991435167', '', 'alejox_16@hotmail.com', '1991-9-25', '31', 'ECUATORIANO', 'postulante'),
('1725134207', 'MIGUEL ANGEL', 'REA ESPINOZA', '', 'EL RECREO HERMANDAD ', 'QUITO', 'PICHINCHA', 'CASADO', '984045410', '', 'angelm.96.rea@hotmail.com', '1996-1-2', '26', 'ECUATORIANO', 'postulante'),
('1725186264', 'LAURA XIOMARA ', 'ESPINOZA MARTÍNEZ ', '', 'SOLANDA SECTOR LA IS', 'QUITO', 'PICHINCHA', 'SOLTERO', '979162139', '', 'laucx3906@gmail.com', '1999-4-21', '23', 'ECUATORIANO', 'postulante'),
('1725326316', 'BRYAN ALEXANDER', 'HUERA MORALES', '', 'JAMBELÍ 0E3-08 Y GRA', 'QUITO', 'PICHINCHA', 'SOLTERO', '979123488', '', ' bryan_alex_hm@hotmail.com', '1993-12-2', '28', 'ECUATORIANO', 'postulante'),
('1725336190', 'ANDRES ALEJANDRO', 'VALENZUELA YEROVI', '', 'CALDERÓN (CONJUNTO S', 'QUITO', 'PICHINCHA', 'SOLTERO', '0995624854', '', 'andres.valenzuela.y@hotmail.com', '1995-9-9', '27', 'ECUATORIANO', 'postulante'),
('1725371932', 'JAIRO STEFANO ', 'ROSERO CAICEDO', '', 'CARCELEN CALLE ISIDR', 'QUITO', 'PICHINCHA', 'SOLTERO', '0983298240', '', 'stefanorosero@outlook.es', '1995-10-29', '27', 'ECUATORIANO', 'postulante'),
('1725401549', 'KATHERINE ALEJANDRA', 'CRUZ MONTUFAR', '', 'QUICHUAS S13-215 Y A', 'QUITO', 'PICHINCHA', 'SOLTERO', '0968951231', '', 'kathy_romy@hotmail.com', '1994-4-30', '28', 'ECUATORIANO', 'postulante'),
('1725426801', 'MARTHA VERÓNICA ', 'CAPA ROMERO', '', 'LUCHA DE LOS POBRES ', 'QUITO', 'PICHINCHA', 'CASADA', '998438577', '', 'marthaverito00@hotmail.com', '1991-8-21', '31', 'ECUATORIANO', 'postulante'),
('1725426868', 'CRISTHIAN HENRY ', 'CAPA ROMERO', '', 'CALLE 21 DE AGOSTO S', 'QUITO', 'PICHINCHA', 'SOLTERO', '984625315', '', 'cristhiancapa0@gmail.com', '2000-6-12', '22', 'ECUATORIANO', 'postulante'),
('1725511974', 'GIANELLA GRIMANEZA', 'AMBULUDI ROLDAN', '', 'S17-65 Y EL TABLON-S', 'QUITO', 'PICHINCHA', 'SOLTERO', '0979246206', '', 'giane_dvillacis_93@outlook.com', '1993-1-8', '29', 'ECUATORIANO', 'postulante'),
('1725860710', 'YOSDY SELENA', 'ZARATE ALVARADO', '', 'FLAVIO ALFARO  Y COR', 'QUITO', 'PICHINCHA', 'SOLTERO', '0978740381', '', 'zelyfresa@gmail.com', '1995-9-4', '27', 'ECUATORIANO', 'postulante'),
('1726003112', 'KEVIN ALEXANDER ', 'CATAGÑA CHICAIZA ', '', 'TUMBACO CALLE CARVAJ', 'QUITO', 'PICHINCHA', 'SOLTERO ', '983011780', '', 'kevin-awc@hotmail.com', '1993-11-2', '29', 'ECUATORIANA ', 'postulante'),
('1726198243', 'ISAAC VALMORE', 'MELCHIADE ORTIZ  ', '', 'POMASQUI', 'QUITO', 'PICHINCHA', 'SOLTERO', '0959812593', '', 'isaac.melchiade@hotmail.com', '1999-2-14', '23', 'ECUATORIANO', 'postulante'),
('1726323304', 'GENNESIS CAROLINA', 'GUAIGUA REINOSO', '', 'El Recreo La Clement', 'QUITO', 'PICHINCHA', 'SOLTERO', '2657569-09', '', 'carolinaguaigua2011@gmail.com', '1995-2-22', '27', 'ECUATORIANO', 'postulante'),
('1726499765', 'MARIA JOSE', 'SALAS PARRA MARIA JOSE', '', 'ACCION CIVICA Y GUAL', 'QUITO', 'PICHINCHA', 'SOLTERA', '980606841', '', 'majitohermosa2011@hotmail.com', '1997-1-17', '25', 'ECUATORIANA ', 'postulante'),
('1726640129', 'JULIAN ENRIQUE', 'SALVATIERRA GUERRA', '', 'BARRIO LA BOTA , CAL', 'QUITO', 'PICHINCHA', 'SOLTERO', '984650143', '', 'juliansal1998@hotmail.com', '1998-6-9', '24', 'ECUATORIANO', 'postulante'),
('1727528646', 'YAJAIRA MISSHELL', 'PROAÑO RIERA', '', 'CDLA YAGUACHI GENERA', 'QUITO', 'PICHINCHA', 'CASADA', '979264407', '', 'yajairaproano@gmail.com', '1993-9-17', '29', 'ECUATORIANA ', 'postulante'),
('1729257707', ' DIANA CAROLINA', 'CHINGA ALAVA  ', '', 'AV. CUSUBAMBA Y TEND', 'QUITO', 'PICHINCHA', 'SOLTERO', '0999522473', '', 'dianawcarolinaw@gmail.com', '2001-6-30', '21', 'ECUATORIANO', 'postulante'),
('1750132449', 'MATEO ISAAC', 'FLORES NOVILLO', '', 'CALDERON', 'QUITO', 'PICHINCHA', 'SOLTERO', '999729209', '', 'isaacmate.flo7@gmail.com', '1999-7-28', '23', 'ECUATORIANO', 'postulante'),
('1750188888', 'WILSON SANTIAGO', 'MURILLO NOBLECILLA ', '', 'TURUBAMBA - OE2Q OE2', 'QUITO', 'PICHINCHA ', 'SOLTERO', '022679664-', '', 'santi-murillo@live.com', '1995-10-3', '27', 'Ecuatoriano ', 'postulante'),
('1750251165', 'VANESSA ARACELY', 'HOYOS SANDOVAL', '', 'CDLA. LOS CANTONES (', 'CUENCA', 'AZUAY', 'SOLTERO', '022-631 08', '', 'aralove_08@hotmail.com', '1993-8-22', '29', 'ECUATORIANO', 'postulante'),
('1750583294', 'HUGO ANDRES ', 'VILLAMAR BUSTAMANTE', '', 'LA SANTIAGO Y AMANCA', 'QUITO', 'PICHINCHA', 'SOLTERO ', '995368441', '', 'andresbustamante96@outlook.com', '1993-5-8', '29', 'ECUATORIANA ', 'postulante'),
('1751101922', 'FATIMA DANIELA ', 'PAREDES RAMIREZ', '', 'SECTOR LA VILLA VEGA', 'QUITO', 'PICHINCHA', 'UNION DE HECHO', '992775655', '', 'danifiusa18@hotmail.com', '1994-3-18', '28', 'ECUATORIANA ', 'postulante'),
('1751415199', 'MARIA EMILIA', 'BENAVIDES FLORES', '', 'La Pulida', 'QUITO', 'PICHINCHA', 'SOLTERO', '988248015', '', 'maito1488@gmail.com', '2000-3-4', '22', 'ECUATORIANO', 'postulante'),
('1751551209', 'DIANA CAROLINA', 'CEVALLOS PONCE  ', '', 'SAN ISIDRO DE PUENGA', 'QUITO', 'PICHINCHA', 'SOLTERA', '983543261', '', 'dianacs2232012@gmail.com', '1994-2-10', '28', 'ECUATORIANA ', 'postulante'),
('1751885532', 'GABRIELA LIZETH', 'LOZADA BONILLA', '', 'PACAMOROS S9-160 Y M', 'QUITO', 'PICHINCHA', 'SOLTERO', '987788779', '', 'gabyliiz@outlook.com', '1995-4-28', '27', 'ECUATORIANO', 'postulante'),
('1752613149', 'ANDREA DOMENICA', 'TENE OCAÑA', '', 'CALLE CARIHUAYRAZO 1', 'QUITO', 'PICHINCHA', 'SOLTERO', '994481529', '', 'andreitatene80@gmail.com', '2003-12-29', '18', 'ECUATORIANO', 'postulante'),
('1753055662', ' LUCAS  ORLANDO', 'RAMON CAÑOLA', '', 'RANCHO LOS PINOS CAL', 'QUITO', 'PICHINCHA ', 'CASADO', '987541327', '', 'lucas._311@hotmail.com', '1995-10-22', '27', 'Ecuatoriano ', 'postulante'),
('1753133584', 'MATEO PAUL', 'MORENO LLERENA', '', 'Juan Bayas OE 1 -50 ', 'QUITO', 'PICHINCHA', 'SOLTERO', '+593 98770', '', 'cfabian_de25@hotmail.com', '1999-05-24', '23', 'ECUATORIANA', 'postulante'),
('1753531506', 'MARILIN LIZETH', 'LOZADA TACLE ', '', 'CDLA IBARRA', 'QUITO', 'PICHINCHA', 'SOLTERO', '961806742', '', 'marilynlozada07@live.com', '1996-7-25', '26', 'ECUATORIANO', 'postulante'),
('1754254397', 'ANGY DAYANA', 'VINUEZA VELASCO', '', 'CDLA INTERNACIONAL N', 'QUITO', 'PICHINCHA ', 'SOLTERA ', '023020126/', '', 'vinuezaangy85@gmail.com', '1999-8-20', '23', 'Ecuatoriano ', 'postulante'),
('1754440921', 'CARLA MAITHE', 'PULLAS NEGRETE', '', 'TOLA ALTA. ARAUCAÑA ', 'QUITO', 'PICHINCHA', 'SOLTERO', '0999911620', '', 'maithe.pullas@gmail.com', '1997-8-1', '25', 'ECUATORIANO', 'postulante'),
('1755557830', 'YAIR JOSUE', 'PULLAS NEGRETE YAIR JOSUE', '', 'TOLA ALTA. ARAUCAÑA ', 'QUITO', 'PICHINCHA', 'SOLTERO', '0979174121', '', 'pullasjair@gmail.com', '2001-3-10', '21', 'ECUATORIANO', 'postulante'),
('1756201628', 'RAYMALIF', 'MOSQUERA FUENTES', '', 'SECTOR ISMAEL SOLIS ', 'QUITO', 'PICHINCHA', 'SOLTERA', '992403552', '', 'raymalifmf@gmail.com', '1990-4-6', '32', 'VENEZOLANA', 'postulante'),
('1757583115', 'ERNESTO JOSE', 'CORDOBA PINTO ', '', 'AV EL INCA ISLA SEYM', 'QUITO', 'PICHINCHA', 'SOLTERO ', '991522034', '', '	ernestjoseph1979@hotmail.com', '1979-12-16', '42', 'VENEZOLANA ', 'postulante'),
('1757596497', 'GIOVANNA ANGELINA ', 'TORREALBA GONZALEZ', '', 'OE5U COOP IESS SAN B', 'QUITO', 'PICHINCHA', 'CASADA', '987782192', '', '	giovannatorrealba22@gmail.com	', '1994-3-14', '28', 'VENEZOLANA ', 'postulante'),
('1757825219', 'CARLA ESTIVALIZ', 'FARIAS APOLINAR', '', 'JHON FKENEDY Y LEONA', 'QUITO', 'PICHINCHA', 'CASADA', '988333891', '', '	carlafarias.ea@hotmail.com', '1990-8-4', '32', 'VENEZOLANA ', 'postulante'),
('1757991151', 'YRAN RAFAEL', 'VIVAS HERRERA', '', 'CALLE HUGO DIAZ ROME', 'QUITO', 'PICHINCHA', 'SOLTERO', '963129821', '', 'yran.vivas5@gmail.com', '1987-8-4', '35', 'VENEZOLANA ', 'postulante'),
('1758527699', 'JHOSMERY MICHELLE', 'ROJAS VEGA', '', 'COMITÉ DEL PUEBLO', 'QUITO', 'PICHINCHA', 'CASADO', '978951248', '', 'jhosmeryrojaa@gmail.com', '1992-6-18', '30', 'ECUATORIANO', 'postulante'),
('1758598922', 'ALBERT ANTHONY', 'VALBUENA SANCHEZ ', '', 'MARTHA BUCARAM Y MAN', 'QUITO', 'PICHINCHA', 'SOLTERO', '0983993054', '', 'albertvalbuenaabg@gmail.com', '1992-12-6', '29', 'VENEZOLANO', 'postulante'),
('1758871766', 'GABRIEL ANTONIO', 'ORTEGA RUIZ', '', 'Carapungo ', 'QUITO', 'PICHINCHA', 'CASADO', '992792239', '', 'gabrielortega440@gmail.com ', '1993-7-31', '29', 'ECUATORIANO', 'postulante'),
('1758991069', 'ANGEL ENRIQUE ', 'LOPEZ DIAZ ', '', 'AV DE LOS GRANADOS Y', 'QUITO', 'PICHINCHA', 'SOLTERO', '962794423', '', '	angelolestrange@gmail.com', '1989-7-1', '33', 'VENEZOLANA', 'postulante'),
('1759228610', 'HODILYSS VICTORIA ', 'HERNANDEZ RIERA ', '', 'AV JOSE MARIA GUERRE', 'QUITO', 'PICHINCHA', 'SOLTERA', '962726640', '', 'hhodilyss@gmail.com', '1991-12-8', '30', 'VENEZOLANA ', 'postulante'),
('1759520925', 'KATHERINE JANETH', 'FIGUEROA FALCONETTE', '', 'SECTOR CARAPUNGO, CA', 'QUITO', 'PICHINCHA', 'CASADO', '979014367', '', 'kathe.figueroa17@gmail.com', '1995-3-17', '27', 'VENEZOLANO', 'postulante'),
('1759542804', 'LUIS ALBERTO', 'SANCHEZ GOMEZ', '', 'Av. REAL AUDIENCIA N', 'QUITO', 'PICHINCHA', 'UNION LIBRE', '096 908 97', '', 'luisdino@gmail.com', '1979-5-29', '43', 'ECUATORIANO', 'postulante'),
('1759625062', ' MERYN RAQUELY ', 'BLANCA BASTIDAS', '', 'AV MARISCAL SUCRE CO', 'QUITO', 'PICHINCHA', 'SOLTERO', '998118968', '', 'merynblanca@gmail.com', '1989-9-20', '33', 'VENEZOLANA', 'postulante'),
('1759631300', 'FANNY JOSELYN', 'RIVAS LEON', '', 'Av. Oriente con Call', 'QUITO', 'PICHINCHA', 'SOLTERA', '992736720', '', 'fannyrivasleon@gmail.com', '1991-5-30', '31', 'VENEZOLANA', 'postulante'),
('1759664673', 'GIOVANNI JOSE', 'GIANNONE FRIAS', '', 'EDMUNDO CHIRIBOGA Y ', 'QUITO', 'PICHINCHA', 'SOLTERO', '096310 736', '', 'giojgiannone@gmail.com', '1996-2-10', '26', 'VENEZONALA', 'postulante'),
('1759785361', 'DANIELYS ARIANNYS ', 'BRAZON ROJAS ', '', 'IESS FUT AV. AJAVI Y', 'QUITO', 'PICHINCHA', 'SOLTERA ', '979311440', '', 'familiabrazonrojas@gmail.com', '2000-1-13', '22', 'VENEZOLANA ', 'postulante'),
('1760490845', 'FRANCISCO ANTONIO', 'GARCIA CASTILLO  ', '', 'Conjunto San Francis', 'QUITO', 'PICHINCHA', 'SOLTERO', '962748826', '', 'franciscogarciacastillo007@gmail.com', '1988-12-16', '33', 'VENEZOLANO', 'postulante'),
('1760490993', 'DANIEL AUGUSTO', 'GIMENEZ DIAZ', '', 'ANTONIO DE ULLOA N34', 'QUITO', 'PICHINCHA', 'SOLTERO', '979382690', '', 'dgimenez929@gmail.com', '2002-9-26', '20', 'VENEZOLANO', 'postulante'),
('1761014636', 'DARIANA NAILIUD', 'COLLS UZCATEGUI ', '', 'AV. TENIENTE HUGO OR', 'QUITO', 'PICHINCHA', 'SOLTERO', '995932930', '', 'coritomio@hotmail.com', '2000-10-14', '22', 'VENEZOLANO', 'postulante'),
('1802845147', 'EDWIN MODESTO ', 'CASTILLO AGUIRRE ', '', 'VICENTINA NATALIA VE', 'QUITO', 'PICHINCHA', 'SOLTERO', '987471883', '', '	edwincast1901@gmail.com', '1974-4-2', '48', 'ECUATORIANA ', 'postulante'),
('1803610359', 'MERY ALEXANDRA', 'GUTIERREZ MORALES ', '', 'CDLA PRESIDENCIAL PA', 'AMBATO', 'TUNGURAHUA', 'SOLTERO', '995223898', '', 'alex_27gutierrez@hotmail.com', '1982-11-10', '40', 'ECUATORIANO', 'postulante'),
('1804283701', 'JUAN PABLO', 'GALLEGOS MOYA', '', 'AV GENERAL PINTAG CA', 'QUITO', 'PINCHINCHA', 'SOLTERO', '962796265', '', 'juan.gallegos97@hotmail.com ', '1997-1-18', '25', 'ECUATORIANO', 'postulante'),
('1804296901', 'RODRIGO IVAN', 'GALARZA PIZARRO', '', 'Colon No. 1223 y Kle', 'Machala', 'El Oro ', 'Casado', '  59398458', '', 'r_galarzapizarro@hotmail.com', '1989-10-14', '33', 'Ecuatoriana', 'postulante'),
('1804735494', 'EDISON ALEXANDER', 'NÚÑEZ OTERO', '', 'AV IGNACIO REGALADO ', 'QUITO', 'PICHINCHA', 'SOLTERO', '0983414735', '', 'edison8596@hotmail.com', '1996-1-20', '26', 'ECUATORIANO', 'postulante'),
('201987179', 'MARÍA GABRIELA ', 'NIAMA JÁCOME', '', 'CALLE QUICHUAS S13-1', 'QUITO', 'PICHINCHA', 'CASADA', '984145214', '', 'maga_gabby@hotmail.com', '1988-11-11', '34', 'ECUATORIANO', 'postulante'),
('2200069504', 'MARITZA ELOISA', 'MONTENEGRO MEJIA', '', 'SECTOR EL CONDADO ', 'QUITO', 'PICHINCHA', 'CASADA ', '999460994', '', 'eloisam3004@hotmail.com', '1989-4-30', '33', 'ECUATORIANA ', 'postulante'),
('2300327703', 'ANDREA MISHELL', 'GUERRA ZURITA ', '', 'PUEMBO BARRIO LA CRU', 'QUITO', 'PICHINCHA', 'SOLTERA ', '958701227', '', 'andreaguerra_1995@hotmail.com	', '1995-6-7', '27', 'ECUATORIANA ', 'postulante'),
('503250730', 'ALEX DANILO ', 'CHICAIZA TOAPANTA ', '', 'MARISCAL SUCRE Y ROD', 'QUITO', 'PICHINCHA', 'SOLTERO ', '992532305', '', 'xe.la15@hotmail.com', '1989-2-5', '33', 'ECUATORIANA ', 'postulante'),
('504123225', 'ERIK ALEXANDER', 'VIZCAINO MUÑOZ', '', 'Sector de Lasso Rio ', 'LATACUNGA', 'COTOPAXI', 'SOLTERO', '984456368', '', 'erik.vizcaino1996@gmail.com', '1996-5-15', '26', 'ECUATORIANO', 'postulante'),
('6.54E+17', 'BERENICE DEL CARMEN', 'AGUILARTE YENDI', '', 'EL PINTADO Y MARISCA', 'QUITO', 'PICHINCHA', 'SOLTERO', '963802349', '', 'berenice.yendis@gmail.com', '1993-7-10', '29', 'ECUATORIANO', 'postulante'),
('603855586', 'CRISTIAN JAVIER', 'ZARATE MERINO', '', 'RIO PERIPA N174', 'QUITO', 'PICHINCHA', 'CASADO', '995733404', '', 'criszarate.93@outlook.com', '1993-7-24', '29', 'ECUATORIANA ', 'postulante'),
('603964040', 'JESSIKA LEONOR', 'OBACO SISALIMA', '', 'ciudad de Machala Pa', 'MACHALA', 'EL ORO', 'SOLTERO', '986244251', '', 'jessika0731@hotmail.com', '1991-7-31', '31', 'ECUATORIANA', 'postulante'),
('702763020', 'BORIS PAUL ', 'LUZARDO CENTENO ', '', 'PRESIDENTE CORDOVA 4', 'CUENCA', 'AZUAY', 'SOLTERO', '998400800', '', 'boris.luzardo.centeno@gmail.com', '1974-7-24', '48', 'ECUATORIANA', 'postulante'),
('704068915', 'KERLY CAROLINA', 'ESTRELLA AMAYA', '', 'AV. LOJA ENTRE PRIME', 'CUENCA', 'AZUAY', 'DIVORCIADA', '994021236', '', 'kerlycaro@hotmail.com', '1985-7-20', '37', 'ECUATORIANA', 'postulante'),
('704511252', 'KARINA LORENA', ' PEZO REYES ', '', 'PRIMERA NORTE 913 y ', 'MACHALA', 'EL ORO', 'CASADO', '0967760559', '', 'karinapezoreyes@gmail.com', '1980-6-30', '42', 'ECUATORIANO', 'postulante'),
('704615798', 'KATHERINE ELIZABETH', 'ZAMBRANO QUIROZ', '', 'AV MADERO VARGAS Y 2', 'MACHALA', 'EL ORO', 'SOLTERO', '987648181', '', 'katherinezambrano24@gmail.com', '1995-7-10', '27', 'ECUATORIANA', 'postulante'),
('704650860', 'DAYSE LISSETH', 'CHAPIN TAPIA ', '', 'BARRIO CENTENARIO', 'MACHALA', 'EL ORO', 'SOLTERO', '0998510304', '', 'dayselisseth@hotmail.com', '1991-10-8', '31', 'ECUATORIANO', 'postulante'),
('704785625', 'MERCY DANIELA', 'LUNA LUNA', '', 'CAMAL METROPOLITANO ', 'QUITO', 'PICHINCHA', 'SOLTERA ', '987339834', '', 'mercitalunita@hotmail.it', '1991-4-23', '31', 'ECUATORIANA ', 'postulante'),
('704893403', 'YADIRA ESPERANZA ', 'ARROBO VICENTE ', '', 'JUNIN Y NOVENA NORTE', 'MACHALA', 'EL ORO', 'SOLTERO', '0979057114', '', 'yara_8709@hotmail.com', '1985-3-1', '37', 'ECUATORIANO', 'postulante'),
('705216638', 'DIEGO VICENTE', 'BERMEO REYES ', '', 'Ciudadela Alcides Pe', 'MACHALA', 'EL ORO', 'SOLTERO', '0983060007', '', 'diego.bermeo88@gmail.com', '1988-7-25', '34', 'ECUATORIANA', 'postulante'),
('705229847', 'LIZBETH KATHERINE ', 'GONZAGA YUPANGUI ', '', 'AYACUCHO/ KLEBER FRA', 'MACHALA', 'EL ORO', 'CASADO', '0985267132', '', 'katitalis@hotmail.com', '1994-1-4', '28', 'ECUATORIANO', 'postulante'),
('705760700', 'YULEXI', 'QUISHPE RAMIREZI', '', 'MACHALA-Av 25 JUNIO ', 'MACHALA', 'EL ORO', 'SOLTERO', '991167533', '', 'yqramirez@hotmail.com', '1993-10-15', '29', 'ECUATORIANO', 'postulante'),
('705860799', 'WILLIAM VLADIMIR', 'LOAIZA ARMIJOS', '', 'MIGUEL PEÑA Y GONZAL', 'CUENCA', 'AZUAY', 'SOLTERO', '995210778', '', 'willianloaiza_30@hotmail.com', '1991-1-13', '31', 'ECUATORIANO', 'postulante'),
('706012929', 'AYLIN STEFANIA', 'PROAÑO OCHOA ', '', 'Junín entre Manuel E', 'MACHALA', 'EL ORO', 'SOLTERO', '963297656', '', 'aylin_pr.93@hotmail.com', '1993-4-21', '29', 'ECUATORIANA', 'postulante'),
('706117595', 'KRISTEL STEPHANY', 'PESANTEZ NIETO ', '', 'URBANIZACIÓN LAS GAV', 'MACHALA', 'EL ORO', 'SOLTERA', '994105614', '', 'kristelpesantez@gmail.com', '2002-1-25', '20', 'ECUATORIANO', 'postulante'),
('706253119', 'KAREN KATHERINE', 'TACURI VILELA', '', 'MACHALA/BARRIO SAN R', 'MACHALA', 'EL ORO', 'SOLTERO', '967809531', '', 'kata_261092@outlook.com', '1992-10-26', '30', 'ECUATORIANA', 'postulante'),
('706366002', 'JOSSMERY CATHERINE', 'MONTES CASTILLO', '', 'CDLA VIRGEN DEL CISN', 'MACHALA', 'EL ORO', 'SOLTERA ', '0996405494', '', 'ossmym28@gmail.com', '1995-1-28', '27', 'Ecuatoriano ', 'postulante'),
('706376449', 'ROBERTO FERNANDO ', 'PACHECO BUSTAMANTE', '', 'PICHINCHA ENTRE JUAN', 'MACHALA', 'EL ORO', 'SOLTERO', '0983471223', '', 'robertopacheco.b@hotmail.com', '1991-10-5', '31', 'ECUATORIANO', 'postulante'),
('706526787', 'STEFANY LISSETTE', 'RIVADENEIRA LUZARDO', '', 'CULTURA DEL INGA Y D', 'CUENCA', 'AZUAY', 'CASADO', '983241550', '', 'stefyriluz@hotmail.com', '1994-2-23', '28', 'ECUATORIANO', 'postulante'),
('706564895', 'ELVIS GONZALO', 'ANDRADE DAVILA', '', 'VEGA DAVILA ENTRE SU', 'MACHALA', 'EL ORO', 'SOLTERO', '995957387', '', 'elvis_andrade24@hotmail.com', '1992-6-24', '30', 'ECUATORIANO', 'postulante'),
('706806585', 'CARLOS NAIM', 'FREIRE NOVILLO', '', 'GAPAL ', 'CUENCA', 'AZUAY', 'SOLTERA ', '998709176', '', 'naimfreire@gmail.com', '2002-7-2', '20', 'Ecuatoriano ', 'postulante'),
('707048872', 'MARTHA BELEN', 'CANTOS ROSARIO ', '', 'BUENAVISTA Y CIRCUNV', 'MACHALA', 'EL ORO', 'SOLTERO', '998067821', '', ' mbelencantos95@gmail.com', '1995-9-24', '27', 'ECUATORIANO', 'postulante'),
('750612285', 'JOSELYN BELEN ', 'PIZARRO RAMIREZ', '', 'NAPOLEON MERA Y BUEN', 'MACHALA', 'EL ORO', 'SOLTERO', '989419789', '', 'josbelpizram@gmail.com ', '1997-3-29', '25', 'ECUATORIANO', 'postulante'),
('750724114', 'LUIS JOEL', 'SANCHEZ SARITAMA', '', 'PASAJE CIUDADELA LAS', 'MACHALA', 'EL ORO', 'SOLTERO', '964125385', '', 'joelsanchezluis@gmail.com', '1998-9-8', '24', 'ECUATORIANO', 'postulante'),
('804232684', 'GABRIELA ALEXANDRA', ' MIRANDA SANTAN', '', 'CALLE JAIME ROLDOS A', 'ESMERALDAS', 'ESMERALDAS', 'SOLTERO', '062011465 ', '', 'gabrielamiranda-95@hotmail.com', '1995-6-8', '27', 'ECUATORIANO', 'postulante'),
('919397653', 'YIN STEVEN', 'MARTINEZ MARTINEZ', '', 'BATION POPULAR BLOQU', 'GUAYAQUIL', 'GUAYAS', 'SOLTERO', '939115789', '', 'yinijhose15@gmail.com', '1991-1-22', '31', 'ECUATORIANO', 'postulante'),
('919758581', 'KATHIUSKA ELIZABETH', ' QUINDE LLERENA ', '', 'UNIÓN Y PROGRESO OE4', 'QUITO', 'PICHINCHA', 'CASADO', ' 098864907', '', 'kathiuska35@gmail.com', '1991-12-2', '30', 'ECUATORIANO', 'postulante'),
('920960382', 'EVELIN GARDENIA', 'VILLACRÉS BENITES', '', 'Coop. El Limonal mz#', 'GUAYAQUIL', 'GUAYAS', 'SOLTERA', '5.94E+11', '', 'evygarden2016@gmail.com', '1983-10-18', '39', 'ECUATORIANA', 'postulante'),
('925053670', 'YANIRY PAOLA', 'LOZANO HERRERA', '', 'GUASMO SUR PROLETARI', 'GUAYAQUIL', 'GUAYAS', 'SOLTERA', '0987409172', '', 'lozanopaola928@gmail.com', '1981-6-13', '0', 'ECUATORIANO', 'postulante'),
('926059940', 'FEDERICO ANDRES ', 'TERAN ENGELMANN ', '', 'NAVARRO N24-79 Y AV.', 'QUITO', 'PICHINCHA', 'SOLTERO', '983116003', '', 'federicotengelmann@gmail.com', '1994-1-20', '28', 'ECUATORIANO', 'postulante'),
('931103618', 'MARIA JOSE', ' GAONA LLAREATEGUI ', '', 'Av. Luis Quintuña Ar', 'CUENDA', 'AZUAY', 'CASADO', '985606413', '', 'majito_tette89@hotmail.com', '1989-12-18', '32', 'ECUATORIANO', 'postulante'),
('931303713', 'DIANA CAROLINE', 'QUIÑONEZ BONILLA', '', 'VILLA ESPAÑA ETAPA B', 'GUAYAQUIL', 'GUAYAS', 'SOLTERO', '978735972', '', 'carolinequiboni@gmail.com', '1992-4-20', '30', 'ECUATORIANO', 'postulante'),
('958842619', 'EDISON LENIN', ' CHIPANTIZA ARANA ', '', 'COOP. GALLEGOS LARA ', 'GUAYAQUIL', 'GUAYAS', 'SOLTERO', '0984657697', '', 'edisonchiarana@gmail.com', '1998-7-24', '24', 'ECUATORIANO', 'postulante'),
('963415492', 'JOSE ALBERTO', 'BRACHO PIRELA', '', 'CDLA SIMON BOLIVAR M', 'GUAYAQUIL', 'GUAYAS', 'CASADO', '960603795', '', 'Joseabrachop@hotmail.com', '1989-9-25', '33', 'VENEZOLANO', 'postulante'),
('963675152', 'KARLA ANDREA', 'CASTRO BOCANEGRA ', '', 'CARAPUNGO', 'QUITO', 'PICHINCHA', 'SOLTERO', '984637971', '', 'karla_andrea91@hotmail.com', '1991-9-5', '31', 'ECUATORIANO', 'postulante');

-- --------------------------------------------------------

--
-- Estructura de tabla para la tabla `cargo`
--

CREATE TABLE `cargo` (
  `id_cargo` decimal(10,0) NOT NULL,
  `nombre_cargo` varchar(50) NOT NULL
) ENGINE=InnoDB DEFAULT CHARSET=utf8mb4;

--
-- Volcado de datos para la tabla `cargo`
--

INSERT INTO `cargo` (`id_cargo`, `nombre_cargo`) VALUES
('1', 'Ejecutivo de atencion y ventas'),
('2', 'Especialista de atencion y ventas'),
('3', 'Jefe de atencion y ventas'),
('4', 'Jefe comercial de atencion y venta'),
('5', 'Cajero y Bodeguero'),
('6', 'Back office'),
('7', 'Asesores comerciales'),
('8', 'Jefe comercial de atencion y venta'),
('9', 'Promotor de ventas'),
('10', 'Promotor de cobertura'),
('11', 'Promotr mixto'),
('12', 'Promotor puerta a puerta'),
('13', 'Coordinador nacional'),
('14', 'Coordinar regional'),
('15', 'Analista de trade marketing'),
('16', 'Supervisor de ventas'),
('17', 'Bodeguero'),
('18', 'Analista de recrutamiento y seleccion'),
('19', 'Analista de Talento Humano'),
('20', 'Ejecutiva de control de calidad'),
('21', 'Analista laboral y administrativo'),
('22', 'Formadores'),
('23', 'Analista de administraci[on de ventas'),
('24', 'Analista de desarrollo organizacional'),
('25', 'Analista de tecnologias de la informacion'),
('26', 'Analista de inteligenia de negocios'),
('27', 'Pasantes'),
('28', 'Gerente general');

-- --------------------------------------------------------

--
-- Estructura de tabla para la tabla `centro_costo`
--

CREATE TABLE `centro_costo` (
  `id_centro_costo` decimal(10,0) NOT NULL,
  `nombre_centro` varchar(50) NOT NULL,
  `tienda` varchar(20) NOT NULL,
  `cuenta` varchar(20) NOT NULL
) ENGINE=InnoDB DEFAULT CHARSET=utf8mb4;

--
-- Volcado de datos para la tabla `centro_costo`
--

INSERT INTO `centro_costo` (`id_centro_costo`, `nombre_centro`, `tienda`, `cuenta`) VALUES
('1001', 'General tiendas', 'Estructura', 'Estructura'),
('6001', 'Tienda Cuenca Centro', 'CUENCA CENTRO', 'MOVISTAR'),
('6002', 'Tienda Cuenca Remigio', 'CUENCA REMIGIO', 'MOVISTAR'),
('6003', 'Tienda America', 'AMERICA', 'MOVISTAR'),
('6004', 'Tienda Condado ', 'CONDADO', 'MOVISTAR'),
('6005', 'Tienda Recreo', 'RECREO', 'MOVISTAR'),
('6007', 'Tienda Machala', 'MACHALA', 'MOVISTAR'),
('6008', 'Equifax', 'EQUIFAX', 'EQUIFAX'),
('6009', 'Retail', 'RETAIL', 'MOVISTAR'),
('6010', 'DirecTV', 'DirecTV', 'DirecTV'),
('6012', 'Movistar Pymes', 'MOVISTAR PYMES', 'MOVISTAR PYMES'),
('6013', 'Payjoy Ecuador', 'PAYJOY', 'PAYJOY'),
('6014', 'Softys', 'SOFTYS', 'SOFTYS'),
('6015', 'Mabe', 'MABE', 'MABE'),
('6016', 'Epson', 'EPSON', 'EPSON'),
('6018', 'Tuenti', 'TUENTI', 'TUENTI'),
('7001', 'Administracion', 'Administracion', 'Administracion');

-- --------------------------------------------------------

--
-- Estructura de tabla para la tabla `contrato`
--

CREATE TABLE `contrato` (
  `id_contrato` int(11) NOT NULL,
  `tipo_contrato` varchar(100) NOT NULL,
  `fecha_inicio_contrato` varchar(10) NOT NULL,
  `salario` double DEFAULT NULL,
  `observaciones` varchar(20) DEFAULT NULL
) ENGINE=InnoDB DEFAULT CHARSET=utf8mb4;

--
-- Volcado de datos para la tabla `contrato`
--

INSERT INTO `contrato` (`id_contrato`, `tipo_contrato`, `fecha_inicio_contrato`, `salario`, `observaciones`) VALUES
(1, 'TRASPASO', '2020-9-9', 406, ' Firmado  '),
(2, 'TRASPASO', '2020-9-14', 634, ' CUENCA NO FIRMA '),
(3, 'TRASPASO', '2020-9-9', 600, ' CUENCA NO FIRMA '),
(4, 'NUEVO', '2020-9-14', 406, ' Firmado  '),
(5, 'TRASPASO', '2020-9-14', 406, ' CUENCA NO FIRMA '),
(6, 'TRASPASO', '2020-9-9', 406, ' Firmado  '),
(7, 'TRASPASO', '2020-9-23', 600, ' Firmado  '),
(8, 'TRASPASO', '2020-9-9', 406, ' Firmado  '),
(9, 'NUEVO', '2020-9-14', 406, ' Firmado  '),
(10, 'TRASPASO', '2020-9-9', 406, ' Firmado  '),
(11, 'NUEVO', '2020-9-1', 406, ' CUENCA NO FIRMA '),
(12, 'TRASPASO', '2020-9-9', 406, ' Firmado  '),
(13, 'TRASPASO', '2020-9-14', 406, ' CUENCA NO FIRMA '),
(14, 'TRASPASO', '2020-9-9', 406, ' Firmado  '),
(15, 'TRASPASO', '2020-9-14', 406, ' CUENCA NO FIRMA '),
(16, 'NUEVO', '2020-9-1', 406, ' CUENCA NO FIRMA '),
(17, 'TRASPASO', '2020-9-9', 406, ' Firmado  '),
(18, 'TRASPASO', '2020-9-9', 600, ' CUENCA NO FIRMA '),
(19, 'TRASPASO', '2020-9-23', 600, ' Firmado  '),
(20, 'TRASPASO', '2020-9-9', 600, ' Firmado  '),
(21, 'TRASPASO', '2020-9-23', 600, ' Firmado  '),
(22, 'TRASPASO', '2020-9-23', 406, ' Firmado  '),
(23, 'TRASPASO', '2020-9-14', 406, ' CUENCA NO FIRMA '),
(24, 'NUEVO', '2020-9-1', 406, ' CUENCA NO FIRMA '),
(25, 'TRASPASO', '2020-9-23', 600, ' Firmado  '),
(26, 'NUEVO', '2020-9-1', 818, ' Firmado  '),
(27, 'TRASPASO', '2020-9-9', 634, ' Firmado  '),
(28, 'TRASPASO', '2020-14-09', 818, ' CUENCA NO FIRMA '),
(29, 'TRASPASO', '2020-14-09', 818, ' Firmado  '),
(30, 'NUEVO', '2020-9-14', 634, ' Firmado  '),
(31, 'TRASPASO', '2020-9-23', 634, ' Firmado  '),
(32, 'NUEVO', '2020-9-14', 406, ''),
(33, 'TRASPASO', '2020-9-9', 406, ' Firmado  '),
(34, 'TRASPASO', '2020-9-9', 406, ' Firmado  '),
(35, 'TRASPASO', '2020-9-14', 406, ' CUENCA NO FIRMA '),
(36, 'TRASPASO', '2020-9-14', 406, ' CUENCA NO FIRMA '),
(37, 'NUEVO', '2020-9-14', 406, ' Firmado  '),
(38, 'TRASPASO', '2020-9-9', 406, ' Firmado  '),
(39, 'TRASPASO', '2020-9-9', 406, ' Firmado  '),
(40, 'TRASPASO', '2020-9-9', 600, ' Firmado  '),
(41, 'TRASPASO', '2020-9-9', 406, ' Firmado  '),
(42, 'TRASPASO', '2020-9-23', 406, ' Firmado  '),
(43, 'NUEVO', '2020-9-14', 406, ' Firmado  '),
(44, 'NUEVO', '2020-9-14', 406, ' Firmado  '),
(45, 'NUEVO', '2020-9-14', 406, ' Firmado  '),
(46, 'NUEVO', '2020-9-1', 406, ' CUENCA NO FIRMA '),
(47, 'NUEVO', '2020-9-14', 406, ' Firmado  '),
(48, 'NUEVO', '2020-9-4', 406, ' CUENCA NO FIRMA '),
(49, 'TRASPASO', '2020-9-14', 406, ''),
(50, 'NUEVO', '', 406, ''),
(51, 'NUEVO', '', 406, ''),
(52, 'NUEVO', '', 406, ''),
(53, 'NUEVO', '', 406, ''),
(54, 'NUEVO', '2020-10-15', 634, ''),
(55, 'NUEVO', '2020-12-1', 406, ''),
(56, 'NUEVO', '2020-12-11', 406, ''),
(57, 'NUEVO', '2020-12-17', 406, ''),
(58, 'NUEVO', '2021-1-5', 406, ''),
(59, 'NUEVO', '2021-1-26', 406, ''),
(60, 'NUEVO', '2021-2-1', 406, ' Retail '),
(61, 'NUEVO', '2021-2-8', 406, ' MPlay '),
(62, 'NUEVO', '2021-2-13', 406, ' MPlay '),
(63, 'NUEVO', '2021-3-1', 406, ' Retail '),
(64, 'NUEVO', '2021-3-1', 600, ' Retail '),
(65, 'NUEVO', '2021-3-8', 600, ' M '),
(66, 'NUEVO', '2021-3-8', 406, ''),
(67, 'NUEVO', '2021-3-8', 406, ' M '),
(68, 'NUEVO', '2021-3-8', 406, ' M '),
(69, 'NUEVO', '2021-3-8', 406, ' M '),
(70, 'NUEVO', '2021-3-8', 634, ''),
(71, 'NUEVO', '2021-3-8', 406, ''),
(72, 'NUEVO', '2021-3-16', 406, ''),
(73, 'NUEVO', '2021-3-22', 406, ''),
(74, 'NUEVO', '2021-4-5', 406, ''),
(75, 'NUEVO', '2021-4-19', 406, ' Ejecutivo '),
(76, 'NUEVO', '2021-4-19', 406, ' Retail '),
(77, 'NUEVO', '2021-5-11', 406, ''),
(78, 'NUEVO', '2021-6-4', 406, ''),
(79, 'NUEVO', '2021-6-7', 406, ''),
(80, 'NUEVO', '2021-6-16', 406, ''),
(81, 'NUEVO', '2021-6-16', 406, ''),
(82, 'NUEVO', '2021-6-16', 406, ''),
(83, 'NUEVO', '2021-6-16', 406, ''),
(84, 'NUEVO', '2021-6-16', 406, ''),
(85, 'NUEVO', '2021-6-16', 406, ''),
(86, 'NUEVO', '2021-6-16', 406, ''),
(87, 'NUEVO', '2021-6-21', 406, '$100.00 '),
(88, 'NUEVO', '2021-7-1', 600, ' $ -   '),
(89, 'NUEVO', '2021-7-7', 800, '$200.00 '),
(90, 'NUEVO', '2021-7-12', 406, ' $ -   '),
(91, 'NUEVO', '2021-7-12', 550, '$100.00 '),
(92, 'NUEVO', '2021-7-12', 550, '$100.00 '),
(93, 'REINGRESO', '2021-7-12', 550, '$100.00 '),
(94, 'NUEVO', '2021-7-12', 550, '$100.00 '),
(95, 'NUEVO', '2021-7-15', 406, ' $ -   '),
(96, 'REINGRESO', '2021-7-22', 406, ' $ -   '),
(97, 'NUEVO', '2021-8-2', 406, '$100.00 '),
(98, 'NUEVO', '2021-8-2', 406, '$100.00 '),
(99, 'REINGRESO', '2021-8-2', 406, '$100.00 '),
(100, 'NUEVO', '2021-8-6', 406, ' $ -   '),
(101, 'NUEVO', '2021-8-6', 600, ' $ -   '),
(102, 'NUEVO', '2021-8-23', 550, '$100.00 '),
(103, 'NUEVO', '2021-9-8', 450, '$100.00 '),
(104, 'NUEVO', '2021-9-8', 450, '$100.00 '),
(105, 'NUEVO', '2021-9-8', 406, '$100.00 '),
(106, 'NUEVO', '2021-9-15', 406, ' $ -   '),
(107, 'NUEVO', '2021-9-15', 406, ' $ -   '),
(108, 'NUEVO', '2021-9-15', 406, ' $ -   '),
(109, 'NUEVO', '2021-9-15', 406, ' $ -   '),
(110, 'NUEVO', '2021-9-15', 406, ' $ -   '),
(111, 'NUEVO', '2021-9-15', 406, ' $ -   '),
(112, 'NUEVO', '2021-10-21', 150, ''),
(113, 'REINGRESO', '2021-10-26', 150, ''),
(114, 'NUEVO', '2021-10-25', 250, ''),
(115, 'INGRESO', '2021-11-1', 150, ''),
(116, 'INGRESO', '2021-11-1', 150, ''),
(117, 'INGRESO', '2021-11-5', 250, ''),
(118, 'INGRESO', '2021-12-1', 406, '$50.00 '),
(119, 'INGRESO', '2021-12-3', 406, '$50.00 '),
(120, 'INGRESO', '2021-12-7', 406, ' $ -   '),
(121, 'INGRESO', '2021-12-7', 406, ' $ -   '),
(122, 'INGRESO', '2021-12-21', 406, '$50.00 '),
(123, 'INGRESO', '2022-1-3', 425, ''),
(124, 'INGRESO', '2022-1-5', 425, ' $ -   '),
(125, 'INGRESO', '2022-1-5', 425, ' $ -   '),
(126, 'INGRESO', '2022-1-17', 425, ' $ -   '),
(127, 'INGRESO', '2022-1-17', 425, ' $ -   '),
(128, 'INGRESO', '2022-1-17', 425, ' $ -   '),
(129, 'INGRESO', '2022-1-21', 425, ' $ -   '),
(130, 'INGRESO', '2022-1-21', 425, ' $ -   '),
(131, 'INGRESO', '2022-1-21', 425, '$50.00 '),
(132, 'INGRESO', '2022-2-1', 425, ' $ -   '),
(133, 'INGRESO', '2022-2-11', 425, ' $ -   '),
(134, 'INGRESO', '2022-2-11', 425, '$50.00 '),
(135, 'INGRESO', '2022-2-14', 425, '$50.00 '),
(136, 'INGRESO', '2022-2-21', 425, ' $ -   '),
(137, 'INGRESO', '2022-2-21', 425, '$50.00 '),
(138, 'INGRESO', '2022-3-2', 425, ''),
(139, 'INGRESO', '2022-3-2', 425, ''),
(140, 'INGRESO', '2022-3-2', 425, ''),
(141, 'INGRESO', '2022-3-2', 425, ''),
(142, 'INGRESO', '2022-3-2', 425, ''),
(143, 'INGRESO', '2022-3-2', 425, ''),
(144, 'INGRESO', '2022-3-2', 425, ''),
(145, 'INGRESO', '2022-3-3', 425, ''),
(146, 'INGRESO', '2022-3-2', 425, ''),
(147, 'INGRESO', '2022-3-2', 425, ''),
(148, 'INGRESO', '2022-3-8', 425, ''),
(149, 'INGRESO', '2022-3-14', 425, '$50.00 '),
(150, 'INGRESO', '2022-3-15', 425, ''),
(151, 'INGRESO', '2022-3-15', 425, ''),
(152, 'INGRESO', '2022-3-18', 425, ''),
(153, 'INGRESO', '2022-3-18', 425, 'OK'),
(154, 'NUEVO', '2022-3-30', 634, 'OK'),
(155, 'NUEVO', '2022-4-4', 425, 'OK'),
(156, 'NUEVO', '2022-4-4', 425, 'OK'),
(157, 'NUEVO', '2022-4-6', 818, 'OK'),
(158, 'NUEVO', '2022-4-6', 425, 'OK'),
(159, 'NUEVO', '2022-4-6', 425, 'OK'),
(160, 'NUEVO', '2022-4-7', 425, 'OK'),
(161, 'NUEVO', '2022-4-7', 425, 'OK'),
(162, 'NUEVO', '2022-4-13', 425, 'OK'),
(163, 'NUEVO', '2022-4-13', 425, 'OK'),
(164, 'NUEVO', '2022-4-18', 425, ' 50 LE ENVIE A SOLED'),
(165, 'NUEVO', '2022-5-3', 818, 'OK'),
(166, 'NUEVO', '2022-5-5', 425, '0'),
(167, 'NUEVO', '2022-5-5', 425, 'OK'),
(168, 'NUEVO', '2022-5-9', 425, 'OK'),
(169, 'NUEVO', '2022-5-9', 425, 'OK'),
(170, 'NUEVO', '2022-5-9', 425, 'OK'),
(171, 'NUEVO', '2022-5-11', 425, 'ok'),
(172, 'NUEVO', '2022-5-17', 425, ''),
(173, 'NUEVO', '2022-5-16', 425, 'OK'),
(174, 'NUEVO', '2022-5-17', 141.7, 'OK'),
(175, 'NUEVO', '2022-5-18', 425, 'ok'),
(176, 'NUEVO', '2022-5-20', 425, 'ok'),
(177, 'NUEVO', '2022-5-20', 425, '$50.00 '),
(178, 'NUEVO', '2022-5-20', 425, ''),
(179, 'NUEVO', '2022-5-20', 425, ' 50 ok '),
(180, 'NUEVO', '2022-5-20', 425, 'ya no HIBRIDO'),
(181, 'NUEVO', '2022-5-25', 425, ''),
(182, 'NUEVO', '2022-5-24', 425, ''),
(183, 'REINGRESO', '2022-4-25', 430.57, ' $ -   '),
(184, 'NUEVO', '2022-6-1', 600, '  $ -    '),
(185, 'NUEVO', '2022-6-13', 425, '$50.00 '),
(186, 'NUEVO', '2022-6-13', 425, '$50.00 '),
(187, 'NUEVO', '2022-6-13', 425, '$50.00 '),
(188, 'NUEVO', '2022-6-17', 425, '  $ -    '),
(189, 'NUEVO', '2022-6-27', 425, ' $ -   '),
(190, 'NUEVO', '2022-6-27', 425, ' $ -   '),
(191, 'NUEVO', '2022-6-27', 600, ' $ -   '),
(192, 'NUEVO', '2022-7-1', 425, 'OK'),
(193, 'NUEVO', '2022-7-25', 425, 'OK'),
(194, 'NUEVO', '2022-8-1', 425, 'OK'),
(195, 'NUEVO', '2022-8-4', 425, 'OK'),
(196, 'NUEVO', '2022-8-1', 425, 'OK'),
(197, 'NUEVO', '2022-8-4', 425, 'OK'),
(198, 'NUEVO', '2022-8-4', 425, 'OK'),
(199, 'NUEVO', '2022-8-16', 425, 'OK'),
(200, 'NUEVO', '2022-8-24', 425, ''),
(201, 'NUEVO', '2022-8-24', 600, 'OK'),
(202, 'NUEVO', '2022-8-29', 900, 'OK'),
(203, 'NUEVO', '2022-8-26', 141.7, 'OK'),
(204, 'NUEVO', '2022-9-7', 600, 'OK'),
(205, 'NUEVO', '2022-9-9', 425, 'OK'),
(206, 'NUEVO', '2022-9-8', 425, 'OK'),
(207, 'REEMPLAZO', '2022-9-14', 800, '$100.00 '),
(208, 'NUEVO', '2022-9-16', 425, ''),
(209, 'NUEVO', '2022-9-16', 425, ''),
(210, 'NUEVO', '2022-9-16', 425, ''),
(211, 'NUEVO', '2022-9-22', 425, 'OK REEMPLAZO DE JUAN'),
(212, 'NUEVO', '2022-9-22', 425, 'OK'),
(213, 'NUEVO', '2022-10-3', 800, '$200.00 '),
(214, 'NUEVO', '2022-10-3', 425, ' $ -   '),
(215, 'NUEVO', '2022-10-3', 425, ' $ -   '),
(216, 'NUEVO', '2022-10-12', 700, ' $ -   '),
(217, 'NUEVO', '2022-10-12', 425, ' $ -   '),
(218, 'PASANTÍA', '2022-10-26', 141.7, ' $ -   ');

-- --------------------------------------------------------

--
-- Estructura de tabla para la tabla `experiencia_laboral`
--

CREATE TABLE `experiencia_laboral` (
  `id_experiencia_laboral` int(11) NOT NULL,
  `cedula` varchar(10) NOT NULL,
  `nombre_experiencia` varchar(50) NOT NULL,
  `tiempo_experiencia` decimal(10,0) DEFAULT NULL,
  `estudios_universitarios` decimal(10,0) DEFAULT NULL
) ENGINE=InnoDB DEFAULT CHARSET=utf8mb4;

--
-- Volcado de datos para la tabla `experiencia_laboral`
--

INSERT INTO `experiencia_laboral` (`id_experiencia_laboral`, `cedula`, `nombre_experiencia`, `tiempo_experiencia`, `estudios_universitarios`) VALUES
(1, '1724717176', 'Experiencia profesional', '100', '100'),
(2, '702763020', 'Experiencia profesional', '100', '100'),
(3, '103690301', 'Experiencia profesional', '100', '100'),
(4, '1718249871', 'Experiencia profesional', '70', '100'),
(5, '1104077514', 'Experiencia profesional', '100', '100'),
(6, '503250730', 'Experiencia profesional', '100', '100'),
(7, '1757583115', 'Experiencia profesional', '100', '100'),
(8, '1724019425', 'Experiencia profesional', '100', '70'),
(9, '1721041612', 'Experiencia profesional', '100', '100'),
(10, '1312668831', 'Experiencia profesional', '100', '70'),
(11, '104908157', 'Experiencia profesional', '70', '100'),
(12, '1802845147', 'Experiencia profesional', '100', '70'),
(13, '105357792', 'Experiencia profesional', '100', '70'),
(14, '1726499765', 'Experiencia profesional', '70', '100'),
(15, '1722630884', 'Experiencia profesional', '100', '70'),
(16, '106081086', 'Experiencia profesional', '70', '100'),
(17, '1751101922', 'Experiencia profesional', '100', '70'),
(18, '104851159', 'Experiencia profesional', '100', '70'),
(19, '2300327703', 'Experiencia profesional', '100', '70'),
(20, '1205470881', 'Experiencia profesional', '100', '70'),
(21, '1726003112', 'Experiencia profesional', '100', '70'),
(22, '1750583294', 'Experiencia profesional', '70', '100'),
(23, '104729298', 'Experiencia profesional', '100', '70'),
(24, '704068915', 'Experiencia profesional', '70', '100'),
(25, '704785625', 'Experiencia profesional', '100', '70'),
(26, '1716903438', 'Experiencia profesional', '100', '100'),
(27, '1724762859', 'Experiencia profesional', '100', '100'),
(28, '104134069', 'Experiencia profesional', '100', '100'),
(29, '1758991069', 'Experiencia profesional', '100', '100'),
(30, '1713109385', 'Experiencia profesional', '100', '100'),
(31, '1759625062', 'Experiencia profesional', '100', '100'),
(32, '1751551209', 'Experiencia profesional', '100', '70'),
(33, '1722887070', 'Experiencia profesional', '100', '100'),
(34, '1757991151', 'Experiencia profesional', '100', '100'),
(35, '105034649', 'Experiencia profesional', '100', '100'),
(36, '104184387', 'Experiencia profesional', '100', '100'),
(37, '1759228610', 'Experiencia profesional', '100', '100'),
(38, '2200069504', 'Experiencia profesional', '100', '100'),
(39, '1757596497', 'Experiencia profesional', '100', '70'),
(40, '1721395034', 'Experiencia profesional', '100', '70'),
(41, '1759785361', 'Experiencia profesional', '70', '70'),
(42, '1723506521', 'Experiencia profesional', '100', '70'),
(43, '1105419533', 'Experiencia profesional', '100', '70'),
(44, '1718656919', 'Experiencia profesional', '70', '70'),
(45, '1757825219', 'Experiencia profesional', '70', '70'),
(46, '1104480049', 'Experiencia profesional', '70', '100'),
(47, '1721402475', 'Experiencia profesional', '70', '100'),
(48, '107143315', 'Experiencia profesional', '70', '70'),
(49, '705860799', 'Experiencia profesional', '100', '100'),
(50, '1721832358', 'Experiencia profesional', '70', '70'),
(51, '1727528646', 'Experiencia profesional', '100', '70'),
(52, '603855586', 'Experiencia profesional', '100', '70'),
(53, '1717552200', 'Experiencia profesional', '100', '100'),
(54, '103519815', 'Experiencia profesional', '100', '100'),
(55, '1720691789', 'Experiencia profesional', '70', '100'),
(56, '1753133584', 'Experiencia profesional', '70', '70'),
(57, '1756201628', 'Experiencia profesional', '100', '100'),
(58, '104368147', 'Experiencia profesional', '100', '70'),
(59, '1720039203', 'Experiencia profesional', '100', '100'),
(60, '1720281391', 'Experiencia profesional', '100', '100'),
(61, '1759631300', 'Experiencia profesional', '70', '70'),
(62, '105674261', 'Experiencia profesional', '70', '70'),
(63, '920960382', 'Experiencia profesional', '100', '100'),
(64, '1716593833', 'Experiencia profesional', '100', '100'),
(65, '704615798', 'Experiencia profesional', '70', '100'),
(66, '705216638', 'Experiencia profesional', '100', '100'),
(67, '706012929', 'Experiencia profesional', '70', '100'),
(68, '603964040', 'Experiencia profesional', '70', '100'),
(69, '706253119', 'Experiencia profesional', '70', '70'),
(70, '1804296901', 'Experiencia profesional', '70', '100'),
(71, '1759664673', 'Experiencia profesional', '100', '100'),
(72, '105269823', 'Experiencia profesional', '90', '70'),
(73, '1720720240', 'Experiencia profesional', '100', '100'),
(74, '931103618', 'Experiencia profesional', '100', '70'),
(75, '1804283701', 'Experiencia profesional', '100', '100'),
(76, '963415492', 'Experiencia profesional', '100', '100'),
(77, '105836720', 'Experiencia profesional', '100', '70'),
(78, '1714940093', 'Experiencia profesional', '100', '100'),
(79, '1725120941', 'Experiencia profesional', '100', '80'),
(80, '1721792099', 'Experiencia profesional', '100', '70'),
(81, '1725134207', 'Experiencia profesional', '100', '80'),
(82, '1753531506', 'Experiencia profesional', '100', '80'),
(83, '1719004804', 'Experiencia profesional', '100', '100'),
(84, '1760490845', 'Experiencia profesional', '100', '70'),
(85, '1758527699', 'Experiencia profesional', '100', '100'),
(86, '1726198243', 'Experiencia profesional', '100', '70'),
(87, '104298013', 'Experiencia profesional', '100', '70'),
(88, '1718857335', 'Experiencia profesional', '100', '70'),
(89, '1713173712', 'Experiencia profesional', '100', '100'),
(90, '919758581', 'Experiencia profesional', '100', '100'),
(91, '1721399754', 'Experiencia profesional', '100', '80'),
(92, '1717536948', 'Experiencia profesional', '100', '80'),
(93, '603855586', 'Experiencia profesional', '100', '80'),
(94, '1716297815', 'Experiencia profesional', '100', '100'),
(95, '706526787', 'Experiencia profesional', '80', '80'),
(96, '2200069504', 'Experiencia profesional', '100', '100'),
(97, '1103878391', 'Experiencia profesional', '100', '100'),
(98, '1716635691', 'Experiencia profesional', '100', '80'),
(99, '705860799', 'Experiencia profesional', '100', '100'),
(100, '1717828824', 'Experiencia profesional', '100', '80'),
(101, '707048872', 'Experiencia profesional', '100', '100'),
(102, '1719818567', 'Experiencia profesional', '100', '100'),
(103, '1709592081', 'Experiencia profesional', '100', '100'),
(104, '1713311718', 'Experiencia profesional', '100', '100'),
(105, '0AAF155779', 'Experiencia profesional', '100', '100'),
(106, '1719620898', 'Experiencia profesional', '100', '70'),
(107, '1725186264', 'Experiencia profesional', '100', '70'),
(108, '926059940', 'Experiencia profesional', '100', '100'),
(109, '152291324', 'Experiencia profesional', '100', '70'),
(110, '105886162', 'Experiencia profesional', '100', '80'),
(111, '706564895', 'Experiencia profesional', '100', '80'),
(112, '1716531742', 'Experiencia profesional', '100', '70'),
(113, '106667637', 'Experiencia profesional', '100', '70'),
(114, '1715288831', 'Experiencia profesional', '100', '100'),
(115, '1725336190', 'Experiencia profesional', '100', '70'),
(116, '1722616057', 'Experiencia profesional', '100', '70'),
(117, '105507628', 'Experiencia profesional', '100', '70'),
(118, '1718661463', 'Experiencia profesional', '100', '90'),
(119, '104556915', 'Experiencia profesional', '100', '70'),
(120, '105711782', 'Experiencia profesional', '100', '80'),
(121, '750612285', 'Experiencia profesional', '100', '100'),
(122, '104364708', 'Experiencia profesional', '100', '80'),
(123, '1804735494', 'Experiencia profesional', '100', '80'),
(124, '105768154', 'Experiencia profesional', '100', '80'),
(125, '706376449', 'Experiencia profesional', '100', '100'),
(126, '705229847', 'Experiencia profesional', '100', '80'),
(127, '704893403', 'Experiencia profesional', '100', '100'),
(128, '1725426868', 'Experiencia profesional', '100', '70'),
(129, '750724114', 'Experiencia profesional', '100', '100'),
(130, '704650860', 'Experiencia profesional', '100', '100'),
(131, '105842611', 'Experiencia profesional', '100', '70'),
(132, '104857115', 'Experiencia profesional', '100', '100'),
(133, '104711775', 'Experiencia profesional', '100', '100'),
(134, '1315575199', 'Experiencia profesional', '100', '80'),
(135, '1726640129', 'Experiencia profesional', '100', '80'),
(136, '1717524035', 'Experiencia profesional', '100', '80'),
(137, '1719360685', 'Experiencia profesional', '100', '70'),
(138, '919397653', 'Experiencia profesional', '100', '70'),
(139, '1803610359', 'Experiencia profesional', '100', '100'),
(140, '1207825470', 'Experiencia profesional', '100', '75'),
(141, '931303713', 'Experiencia profesional', '100', '80'),
(142, '706117595', 'Experiencia profesional', '100', '80'),
(143, '1313744102', 'Experiencia profesional', '100', '80'),
(144, '1712908662', 'Experiencia profesional', '100', '100'),
(145, '504123225', 'Experiencia profesional', '100', '80'),
(146, '1754440921', 'Experiencia profesional', '100', '80'),
(147, '1752613149', 'Experiencia profesional', '70', '80'),
(148, '106390214', 'Experiencia profesional', '100', '100'),
(149, '1710936590', 'Experiencia profesional', '100', '100'),
(150, '958842619', 'Experiencia profesional', '100', '70'),
(151, '804232684', 'Experiencia profesional', '100', '100'),
(152, '1725426801', 'Experiencia profesional', '100', '80'),
(153, '1003976451', 'Experiencia profesional', '100', '80'),
(154, '201987179', 'Experiencia profesional', '100', '100'),
(155, '1723654263', 'Experiencia profesional', '100', '100'),
(156, '1760490993', 'Experiencia profesional', '100', '80'),
(157, '1714438635', 'Experiencia profesional', '100', '100'),
(158, '1401173990', 'Experiencia profesional', '100', '80'),
(159, '704511252', 'Experiencia profesional', '100', '100'),
(160, '1729257707', 'Experiencia profesional', '100', '100'),
(161, '1718402603', 'Experiencia profesional', '100', '100'),
(162, '106588429', 'Experiencia profesional', '100', '100'),
(163, '1725860710', 'Experiencia profesional', '100', '70'),
(164, '1759520925', 'Experiencia profesional', '100', '85'),
(165, '1712366333', 'Experiencia profesional', '100', '100'),
(166, '104835251', 'Experiencia profesional', '100', '90'),
(167, '963675152', 'Experiencia profesional', '100', '90'),
(168, '1711731651', 'Experiencia profesional', '100', '100'),
(169, '1751885532', 'Experiencia profesional', '100', '100'),
(170, '1755557830', 'Experiencia profesional', '100', '100'),
(171, '1709363517', 'Experiencia profesional', '100', '100'),
(172, '925053670', 'Experiencia profesional', '100', '100'),
(173, '1718533019', 'Experiencia profesional', '100', '100'),
(174, '1751415199', 'Experiencia profesional', '100', '80'),
(175, '1758871766', 'Experiencia profesional', '100', '100'),
(176, '1723625859', 'Experiencia profesional', '100', '100'),
(177, '1719967661', 'Experiencia profesional', '100', '100'),
(178, '1722206958', 'Experiencia profesional', '100', '100'),
(179, '1722169701', 'Experiencia profesional', '100', '100'),
(180, '1725371932', 'Experiencia profesional', '100', '100'),
(181, '1207805472', 'Experiencia profesional', '100', '100'),
(182, '105747521', 'Experiencia profesional', '100', '100'),
(183, '1725426868', 'Experiencia profesional', '100', '70'),
(184, '1718292137', 'Experiencia profesional', '100', '100'),
(185, '1713316386', 'Experiencia profesional', '100', '100'),
(186, '1725511974', 'Experiencia profesional', '100', '100'),
(187, '1724643638', 'Experiencia profesional', '100', '100'),
(188, '1750251165', 'Experiencia profesional', '100', '85'),
(189, '1725401549', 'Experiencia profesional', '100', '90'),
(190, '1721302162', 'Experiencia profesional', '100', '90'),
(191, '1711185528', 'Experiencia profesional', '100', '90'),
(192, '1726323304', 'Experiencia profesional', '100', '85'),
(193, '1761014636', 'Experiencia profesional', '100', '85'),
(194, '1720035698', 'Experiencia profesional', '100', '90'),
(195, '1719779496', 'Experiencia profesional', '100', '90'),
(196, '105564280', 'Experiencia profesional', '75', '85'),
(197, '1753055662', 'Experiencia profesional', '100', '100'),
(198, '1754254397', 'Experiencia profesional', '100', '100'),
(199, '706806585', 'Experiencia profesional', '100', '85'),
(200, '706366002', 'Experiencia profesional', '100', '85'),
(201, '1716131295', 'Experiencia profesional', '100', '85'),
(202, '1750188888', 'Experiencia profesional', '100', '90'),
(203, '1750132449', 'Experiencia profesional', '100', '90'),
(204, '1725326316', 'Experiencia profesional', '100', '85'),
(205, '6.54E+17', 'Experiencia profesional', '100', '85'),
(206, '1721595690', 'Experiencia profesional', '100', '90'),
(207, '101890085', 'Experiencia profesional', '100', '85'),
(208, '705760700', 'Experiencia profesional', '100', '85'),
(209, '1759542804', 'Experiencia profesional', '100', '85'),
(210, '1400611537', 'Experiencia profesional', '100', '85'),
(211, '1722339320', 'Experiencia profesional', '100', '90'),
(212, '1758598922', 'Experiencia profesional', '100', '90'),
(213, '103871893', 'Experiencia profesional', '100', '85'),
(214, '1719965806', 'Experiencia profesional', '100', '85'),
(215, '1720336096', 'Experiencia profesional', '100', '85'),
(216, '1722525019', 'Experiencia profesional', '100', '85'),
(217, '1724612641', 'Experiencia profesional', '100', '85'),
(218, '1724124084', 'Experiencia profesional', '100', '85');

-- --------------------------------------------------------

--
-- Estructura de tabla para la tabla `personal`
--

CREATE TABLE `personal` (
  `id_personal` int(11) NOT NULL,
  `id_centro_costo` decimal(10,0) NOT NULL,
  `cedula` varchar(10) NOT NULL,
  `status` varchar(20) DEFAULT NULL,
  `adendum_contrato` varchar(20) DEFAULT NULL,
  `id_contrato` int(11) NOT NULL,
  `id_cargo` decimal(10,0) NOT NULL
) ENGINE=InnoDB DEFAULT CHARSET=utf8mb4;

--
-- Volcado de datos para la tabla `personal`
--

INSERT INTO `personal` (`id_personal`, `id_centro_costo`, `cedula`, `status`, `adendum_contrato`, `id_contrato`, `id_cargo`) VALUES
(1, '6005', '1724717176', 'ACEPTO PROPUESTA', '', 1, '1'),
(2, '6002', '702763020', 'ACEPTO PROPUESTA', '', 2, '1'),
(3, '6001', '103690301', 'ACEPTO PROPUESTA', '', 3, '1'),
(4, '6003', '1718249871', 'ACEPTO PROPUESTA', '', 4, '1'),
(5, '6001', '1104077514', 'ACEPTO PROPUESTA', '', 5, '1'),
(6, '6005', '503250730', 'ACEPTO PROPUESTA', '', 6, '1'),
(7, '6003', '1757583115', 'ACEPTO PROPUESTA', '', 7, '1'),
(8, '6005', '1724019425', 'ACEPTO PROPUESTA', '', 8, '1'),
(9, '6003', '1721041612', 'ACEPTO PROPUESTA', '', 9, '1'),
(10, '6005', '1312668831', 'ACEPTO PROPUESTA', '', 10, '1'),
(11, '6002', '104908157', 'ACEPTO PROPUESTA', '', 11, '1'),
(12, '6005', '1802845147', 'ACEPTO PROPUESTA', '', 12, '1'),
(13, '6001', '105357792', 'ACEPTO PROPUESTA', '', 13, '1'),
(14, '6005', '1726499765', 'ACEPTO PROPUESTA', '', 14, '1'),
(15, '6002', '1722630884', 'ACEPTO PROPUESTA', '', 15, '1'),
(16, '6002', '106081086', 'ACEPTO PROPUESTA', '', 16, '1'),
(17, '6005', '1751101922', 'ACEPTO PROPUESTA', '', 17, '1'),
(18, '6002', '104851159', 'ACEPTO PROPUESTA', '', 18, '1'),
(19, '6004', '2300327703', 'ACEPTO PROPUESTA', '', 19, '1'),
(20, '6005', '1205470881', 'ACEPTO PROPUESTA', '', 20, '1'),
(21, '6004', '1726003112', 'ACEPTO PROPUESTA', '', 21, '1'),
(22, '6003', '1750583294', 'ACEPTO PROPUESTA', '', 22, '1'),
(23, '6001', '104729298', 'ACEPTO PROPUESTA', '', 23, '1'),
(24, '6001', '704068915', 'ACEPTO PROPUESTA', '', 24, '1'),
(25, '6003', '704785625', 'ACEPTO PROPUESTA', '', 25, '1'),
(26, '6005', '1716903438', 'ACEPTO PROPUESTA', '', 26, '1'),
(27, '6005', '1724762859', 'ACEPTO PROPUESTA', '', 27, '1'),
(28, '6002', '104134069', 'ACEPTO PROPUESTA', '', 28, '1'),
(29, '6003', '1758991069', 'ACEPTO PROPUESTA', '', 29, '1'),
(30, '6003', '1713109385', 'ACEPTO PROPUESTA', '', 30, '1'),
(31, '6004', '1759625062', 'ACEPTO PROPUESTA', '', 31, '1'),
(32, '6005', '1751551209', 'ACEPTO PROPUESTA', '', 32, '1'),
(33, '6005', '1722887070', 'ACEPTO PROPUESTA', '', 33, '1'),
(34, '6005', '1757991151', 'ACEPTO PROPUESTA', '', 34, '1'),
(35, '6001', '105034649', 'ACEPTO PROPUESTA', '', 35, '1'),
(36, '6001', '104184387', 'ACEPTO PROPUESTA', '', 36, '1'),
(37, '6003', '1759228610', 'ACEPTO PROPUESTA', '', 37, '1'),
(38, '6005', '2200069504', 'ACEPTO PROPUESTA', '', 38, '1'),
(39, '6005', '1757596497', 'ACEPTO PROPUESTA', '', 39, '1'),
(40, '6005', '1721395034', 'ACEPTO PROPUESTA', '', 40, '1'),
(41, '6005', '1759785361', 'ACEPTO PROPUESTA', '', 41, '1'),
(42, '6003', '1723506521', 'ACEPTO PROPUESTA', '', 42, '1'),
(43, '6004', '1105419533', 'ACEPTO PROPUESTA', '', 43, '1'),
(44, '6004', '1718656919', 'ACEPTO PROPUESTA', '', 44, '1'),
(45, '6004', '1757825219', 'ACEPTO PROPUESTA', '', 45, '1'),
(46, '6001', '1104480049', 'ACEPTO PROPUESTA', '', 46, '1'),
(47, '6004', '1721402475', 'ACEPTO PROPUESTA', '', 47, '1'),
(48, '6002', '107143315', 'ACEPTO PROPUESTA', '', 48, '1'),
(49, '6001', '705860799', 'ACEPTO PROPUESTA', '', 49, '1'),
(50, '6005', '1721832358', 'ACEPTO PROPUESTA', '', 50, '1'),
(51, '6003', '1727528646', 'ACEPTO PROPUESTA', '', 51, '1'),
(52, '6003', '603855586', 'ACEPTO PROPUESTA', '', 52, '1'),
(53, '6004', '1717552200', 'ACEPTO PROPUESTA', '', 53, '1'),
(54, '6001', '103519815', 'ACEPTO PROPUESTA', '', 54, '1'),
(55, '6005', '1720691789', 'ACEPTO PROPUESTA', '', 55, '1'),
(56, '6003', '1753133584', 'ACEPTO PROPUESTA', '', 56, '1'),
(57, '6004', '1756201628', 'ACEPTO PROPUESTA', '', 57, '1'),
(58, '6001', '104368147', 'ACEPTO PROPUESTA', '', 58, '1'),
(59, '6005', '1720039203', 'ACEPTO PROPUESTA', '', 59, '1'),
(60, '6009', '1720281391', 'ACEPTO PROPUESTA', '', 60, '1'),
(61, '6009', '1759631300', 'ACEPTO PROPUESTA', '', 61, '1'),
(62, '6002', '105674261', 'ACEPTO PROPUESTA', '', 62, '1'),
(63, '6009', '920960382', 'ACEPTO PROPUESTA', '', 63, '1'),
(64, '6009', '1716593833', 'SELECCIONADO', '', 64, '1'),
(65, '6007', '704615798', 'ACEPTO PROPUESTA', '', 65, '1'),
(66, '6007', '705216638', 'ACEPTO PROPUESTA', '', 66, '1'),
(67, '6007', '706012929', 'ACEPTO PROPUESTA', '', 67, '1'),
(68, '6007', '603964040', 'ACEPTO PROPUESTA', '', 68, '1'),
(69, '6007', '706253119', 'ACEPTO PROPUESTA', '', 69, '1'),
(70, '6007', '1804296901', 'ACEPTO PROPUESTA', '', 70, '1'),
(71, '6004', '1759664673', 'ACEPTO PROPUESTA', '', 71, '1'),
(72, '6001', '105269823', 'SELECCIONADO', '', 72, '1'),
(73, '6004', '1720720240', 'SELECCIONADO', '', 73, '1'),
(74, '6002', '931103618', 'SELECCIONADO', '', 74, '1'),
(75, '6005', '1804283701', 'SELECCIONADO', '', 75, '1'),
(76, '6009', '963415492', 'SELECCIONADO', '', 76, '1'),
(77, '6002', '105836720', 'SELECCIONADO', '', 77, '1'),
(78, '6004', '1714940093', 'SELECCIONADO', '', 78, '1'),
(79, '6005', '1725120941', 'SELECCIONADO', '', 79, '1'),
(80, '6005', '1721792099', 'SELECCIONADO', '', 80, '1'),
(81, '6005', '1725134207', 'SELECCIONADO', '', 81, '1'),
(82, '6005', '1753531506', 'SELECCIONADO', '', 82, '1'),
(83, '6003', '1719004804', 'SELECCIONADO', '', 83, '1'),
(84, '6004', '1760490845', 'SELECCIONADO', '', 84, '1'),
(85, '6004', '1758527699', 'SELECCIONADO', '', 85, '1'),
(86, '6004', '1726198243', 'SELECCIONADO', '', 86, '1'),
(87, '6002', '104298013', 'SELECCIONADO', '', 87, '1'),
(88, '6005', '1718857335', 'SELECCIONADO', '', 88, '1'),
(89, '6012', '1713173712', 'SELECCIONADO', '', 89, '1'),
(90, '6012', '919758581', 'SELECCIONADO', '', 90, '1'),
(91, '6012', '1721399754', 'SELECCIONADO', '', 91, '1'),
(92, '6012', '1717536948', 'SELECCIONADO', '', 92, '1'),
(93, '6012', '603855586', 'SELECCIONADO', '', 93, '1'),
(94, '6012', '1716297815', 'SELECCIONADO', '', 94, '1'),
(95, '6002', '706526787', 'SELECCIONADO', '', 95, '1'),
(96, '6004', '2200069504', 'SELECCIONADO', '', 96, '1'),
(97, '6003', '1103878391', 'SELECCIONADO', '', 97, '1'),
(98, '6004', '1716635691', 'SELECCIONADO', '', 98, '1'),
(99, '6002', '705860799', 'SELECCIONADO', '', 99, '1'),
(100, '6005', '1717828824', 'SELECCIONADO', '', 100, '1'),
(101, '6007', '707048872', 'SELECCIONADO', '', 101, '1'),
(102, '6012', '1719818567', 'SELECCIONADO', '', 102, '1'),
(103, '6012', '1709592081', 'SELECCIONADO', '', 103, '1'),
(104, '6012', '1713311718', 'SELECCIONADO', '', 104, '1'),
(105, '6003', '0AAF155779', 'SELECCIONADO', '', 105, '1'),
(106, '6003', '1719620898', 'SELECCIONADO', '', 106, '1'),
(107, '6005', '1725186264', 'SELECCIONADO', '', 107, '1'),
(108, '6004', '926059940', 'SELECCIONADO', '', 108, '1'),
(109, '6013', '152291324', 'SELECCIONADO', '', 109, '1'),
(110, '6002', '105886162', 'SELECCIONADO', '', 110, '1'),
(111, '6007', '706564895', 'SELECCIONADO', '', 111, '1'),
(112, '6013', '1716531742', 'SELECCIONADO', '', 112, '1'),
(113, '6001', '106667637', 'SELECCIONADO', '', 113, '1'),
(114, '6001', '1715288831', 'SELECCIONADO', '', 114, '1'),
(115, '6004', '1725336190', 'SELECCIONADO', '', 115, '1'),
(116, '6013', '1722616057', 'SELECCIONADO', '', 116, '1'),
(117, '6001', '105507628', 'SELECCIONADO', '', 117, '1'),
(118, '6007', '1718661463', 'SELECCIONADO', '', 118, '1'),
(119, '6001', '104556915', 'SELECCIONADO', '', 119, '1'),
(120, '6013', '105711782', 'SELECCIONADO', '', 120, '1'),
(121, '6007', '750612285', 'SELECCIONADO', '', 121, '1'),
(122, '6002', '104364708', 'SELECCIONADO', '', 122, '1'),
(123, '6004', '1804735494', 'SELECCIONADO', '', 123, '1'),
(124, '6002', '105768154', 'SELECCIONADO', '', 124, '1'),
(125, '6007', '706376449', 'SELECCIONADO', '', 125, '1'),
(126, '6007', '705229847', 'SELECCIONADO', '', 126, '1'),
(127, '6007', '704893403', 'SELECCIONADO', '', 127, '1'),
(128, '6013', '1725426868', 'SELECCIONADO', '', 128, '1'),
(129, '6007', '750724114', 'SELECCIONADO', '', 129, '1'),
(130, '6007', '704650860', 'SELECCIONADO', '', 130, '1'),
(131, '6002', '105842611', 'SELECCIONADO', '', 131, '1'),
(132, '6001', '104857115', 'SELECCIONADO', '', 132, '1'),
(133, '6001', '104711775', 'SELECCIONADO', '', 133, '1'),
(134, '6002', '1315575199', 'SELECCIONADO', '', 134, '1'),
(135, '6003', '1726640129', 'SELECCIONADO', '', 135, '1'),
(136, '6005', '1717524035', 'SELECCIONADO', '', 136, '1'),
(137, '6005', '1719360685', 'SELECCIONADO', '', 137, '1'),
(138, '6013', '919397653', 'SELECCIONADO', '', 138, '1'),
(139, '6013', '1803610359', 'SELECCIONADO', '', 139, '1'),
(140, '6013', '1207825470', 'SELECCIONADO', '', 140, '1'),
(141, '6013', '931303713', 'SELECCIONADO', '', 141, '1'),
(142, '6013', '706117595', 'SELECCIONADO', '', 142, '1'),
(143, '6013', '1313744102', 'SELECCIONADO', '', 143, '1'),
(144, '6013', '1712908662', 'SELECCIONADO', '', 144, '1'),
(145, '6013', '504123225', 'SELECCIONADO', '', 145, '1'),
(146, '6005', '1754440921', 'SELECCIONADO', '', 146, '1'),
(147, '6013', '1752613149', 'SELECCIONADO', '', 147, '1'),
(148, '6013', '106390214', 'SELECCIONADO', '', 148, '1'),
(149, '6004', '1710936590', 'SELECCIONADO', '', 149, '1'),
(150, '6013', '958842619', 'SELECCIONADO', '', 150, '1'),
(151, '6013', '804232684', 'SELECCIONADO', '', 151, '1'),
(152, '6013', '1725426801', 'SELECCIONADO', '', 152, '1'),
(153, '6013', '1003976451', 'SELECCIONADO', '', 153, '1'),
(154, '6003', '201987179', 'SELECCIONADO', '', 154, '1'),
(155, '6005', '1723654263', 'SELECCIONADO', '', 155, '1'),
(156, '6013', '1760490993', 'SELECCIONADO', '', 156, '1'),
(157, '6005', '1714438635', 'SELECCIONADO', '', 157, '1'),
(158, '6013', '1401173990', 'SELECCIONADO', '', 158, '1'),
(159, '6013', '704511252', 'SELECCIONADO', '', 159, '1'),
(160, '6013', '1729257707', 'SELECCIONADO', '', 160, '1'),
(161, '6013', '1718402603', 'SELECCIONADO', '', 161, '1'),
(162, '6001', '106588429', 'SELECCIONADO', '', 162, '1'),
(163, '6013', '1725860710', 'SELECCIONADO', '', 163, '1'),
(164, '6004', '1759520925', 'SELECCIONADO', '', 164, '1'),
(165, '6005', '1712366333', 'SELECCIONADO', '', 165, '1'),
(166, '6002', '104835251', 'SELECCIONADO', '', 166, '1'),
(167, '6013', '963675152', 'SELECCIONADO', '', 167, '1'),
(168, '6005', '1711731651', 'SELECCIONADO', '', 168, '1'),
(169, '6004', '1751885532', 'SELECCIONADO', '', 169, '1'),
(170, '6013', '1755557830', 'SELECCIONADO', '', 170, '1'),
(171, '6003', '1709363517', 'SELECCIONADO', '', 171, '1'),
(172, '6013', '925053670', 'SELECCIONADO', '', 172, '1'),
(173, '6003', '1718533019', 'SELECCIONADO', '', 173, '1'),
(174, '1001', '1751415199', 'SELECCIONADO', '', 174, '1'),
(175, '6003', '1758871766', 'SELECCIONADO', '', 175, '1'),
(176, '6003', '1723625859', 'SELECCIONADO', '', 176, '1'),
(177, '6004', '1719967661', 'SELECCIONADO', '', 177, '1'),
(178, '6005', '1722206958', 'SELECCIONADO', '', 178, '1'),
(179, '6004', '1722169701', 'SELECCIONADO', '', 179, '1'),
(180, '6003', '1725371932', 'SELECCIONADO', '', 180, '1'),
(181, '6013', '1207805472', 'SELECCIONADO', '', 181, '1'),
(182, '6013', '105747521', 'SELECCIONADO', '', 182, '1'),
(183, '6013', '1725426868', 'SELECCIONADO', '', 183, '1'),
(184, '6005', '1718292137', 'SELECCIONADO', '', 184, '1'),
(185, '6004', '1713316386', 'SELECCIONADO', '', 185, '1'),
(186, '6003', '1725511974', 'SELECCIONADO', '', 186, '1'),
(187, '6004', '1724643638', 'SELECCIONADO', '', 187, '1'),
(188, '6001', '1750251165', 'SELECCIONADO', '', 188, '1'),
(189, '6005', '1725401549', 'SELECCIONADO', '', 189, '1'),
(190, '6005', '1721302162', 'SELECCIONADO', '', 190, '1'),
(191, '6003', '1711185528', 'SELECCIONADO', '', 191, '1'),
(192, '6005', '1726323304', 'SELECCIONADO', '', 192, '1'),
(193, '6013', '1761014636', 'SELECCIONADO', '', 193, '1'),
(194, '6005', '1720035698', 'SELECCIONADO', '', 194, '1'),
(195, '6005', '1719779496', 'SELECCIONADO', '', 195, '1'),
(196, '6001', '105564280', 'SELECCIONADO', '', 196, '1'),
(197, '6013', '1753055662', 'SELECCIONADO', '', 197, '1'),
(198, '6013', '1754254397', 'SELECCIONADO', '', 198, '1'),
(199, '6013', '706806585', 'SELECCIONADO', '', 199, '1'),
(200, '6013', '706366002', 'SELECCIONADO', '', 200, '1'),
(201, '6005', '1716131295', 'SELECCIONADO', '', 201, '1'),
(202, '1001', '1750188888', 'SELECCIONADO', '', 202, '1'),
(203, '1001', '1750132449', 'SELECIONADO', '', 203, '1'),
(204, '6005', '1725326316', 'SELECIONADO', '', 204, '1'),
(205, '6005', '6.54E+17', 'SELECIONADO', '', 205, '1'),
(206, '6005', '1721595690', 'SELECIONADO', '', 206, '1'),
(207, '6018', '101890085', 'SELECIONADO', '', 207, '1'),
(208, '6007', '705760700', 'SELECIONADO', '', 208, '1'),
(209, '6005', '1759542804', 'SELECIONADO', '', 209, '1'),
(210, '6018', '1400611537', 'SELECIONADO', '', 210, '1'),
(211, '6005', '1722339320', 'SELECIONADO', '', 211, '1'),
(212, '6005', '1758598922', 'SELECIONADO', '', 212, '1'),
(213, '6005', '103871893', 'SELECCIONADO', '', 213, '1'),
(214, '6005', '1719965806', 'SELECCIONADO', '', 214, '1'),
(215, '6005', '1720336096', 'SELECCIONADO', '', 215, '1'),
(216, '6005', '1722525019', 'SELECCIONADO', '', 216, '1'),
(217, '6005', '1724612641', 'SELECCIONADO', '', 217, '1'),
(218, '1001', '1724124084', 'SELECCIONADO', '', 218, '1');

-- --------------------------------------------------------

--
-- Estructura de tabla para la tabla `users`
--

CREATE TABLE `users` (
  `id` int(11) NOT NULL,
  `name` varchar(255) DEFAULT NULL,
  `email` varchar(255) DEFAULT NULL,
  `password` varchar(255) DEFAULT NULL
) ENGINE=InnoDB DEFAULT CHARSET=utf8mb4;

-- --------------------------------------------------------

--
-- Estructura de tabla para la tabla `usuario`
--

CREATE TABLE `usuario` (
  `id_usuario` int(11) NOT NULL,
  `cedula` varchar(10) NOT NULL,
  `nombre_usuario` varchar(20) NOT NULL,
  `password` varchar(10) NOT NULL
) ENGINE=InnoDB DEFAULT CHARSET=utf8mb4;

--
-- Volcado de datos para la tabla `usuario`
--

INSERT INTO `usuario` (`id_usuario`, `cedula`, `nombre_usuario`, `password`) VALUES
(429, '0AAF155779', '0AAF155779', '0AAF155779'),
(430, '1003976451', '1003976451', '1003976451'),
(431, '101890085', '101890085', '101890085'),
(432, '103519815', '103519815', '103519815'),
(433, '103690301', '103690301', '103690301'),
(434, '103871893', '103871893', '103871893'),
(435, '104134069', '104134069', '104134069'),
(436, '104184387', '104184387', '104184387'),
(437, '104298013', '104298013', '104298013'),
(438, '104364708', '104364708', '104364708'),
(439, '104368147', '104368147', '104368147'),
(440, '104556915', '104556915', '104556915'),
(441, '104711775', '104711775', '104711775'),
(442, '104729298', '104729298', '104729298'),
(443, '104835251', '104835251', '104835251'),
(444, '104851159', '104851159', '104851159'),
(445, '104857115', '104857115', '104857115'),
(446, '104908157', '104908157', '104908157'),
(447, '105034649', '105034649', '105034649'),
(448, '105269823', '105269823', '105269823'),
(449, '105357792', '105357792', '105357792'),
(450, '105507628', '105507628', '105507628'),
(451, '105564280', '105564280', '105564280'),
(452, '105674261', '105674261', '105674261'),
(453, '105711782', '105711782', '105711782'),
(454, '105747521', '105747521', '105747521'),
(455, '105768154', '105768154', '105768154'),
(456, '105836720', '105836720', '105836720'),
(457, '105842611', '105842611', '105842611'),
(458, '105886162', '105886162', '105886162'),
(459, '106081086', '106081086', '106081086'),
(460, '106390214', '106390214', '106390214'),
(461, '106588429', '106588429', '106588429'),
(462, '106667637', '106667637', '106667637'),
(463, '107143315', '107143315', '107143315'),
(464, '1103878391', '1103878391', '1103878391'),
(465, '1104077514', '1104077514', '1104077514'),
(466, '1104480049', '1104480049', '1104480049'),
(467, '1105419533', '1105419533', '1105419533'),
(468, '1205470881', '1205470881', '1205470881'),
(469, '1207805472', '1207805472', '1207805472'),
(470, '1207825470', '1207825470', '1207825470'),
(471, '1312668831', '1312668831', '1312668831'),
(472, '1313744102', '1313744102', '1313744102'),
(473, '1315575199', '1315575199', '1315575199'),
(474, '1400611537', '1400611537', '1400611537'),
(475, '1401173990', '1401173990', '1401173990'),
(476, '152291324', '152291324', '152291324'),
(477, '1709363517', '1709363517', '1709363517'),
(478, '1709592081', '1709592081', '1709592081'),
(479, '1710936590', '1710936590', '1710936590'),
(480, '1711185528', '1711185528', '1711185528'),
(481, '1711731651', '1711731651', '1711731651'),
(482, '1712366333', '1712366333', '1712366333'),
(483, '1712908662', '1712908662', '1712908662'),
(484, '1713109385', '1713109385', '1713109385'),
(485, '1713173712', '1713173712', '1713173712'),
(486, '1713311718', '1713311718', '1713311718'),
(487, '1713316386', '1713316386', '1713316386'),
(488, '1714438635', '1714438635', '1714438635'),
(489, '1714940093', '1714940093', '1714940093'),
(490, '1715288831', '1715288831', '1715288831'),
(491, '1716131295', '1716131295', '1716131295'),
(492, '1716297815', '1716297815', '1716297815'),
(493, '1716531742', '1716531742', '1716531742'),
(494, '1716593833', '1716593833', '1716593833'),
(495, '1716635691', '1716635691', '1716635691'),
(496, '1716903438', '1716903438', '1716903438'),
(497, '1717524035', '1717524035', '1717524035'),
(498, '1717536948', '1717536948', '1717536948'),
(499, '1717552200', '1717552200', '1717552200'),
(500, '1717828824', '1717828824', '1717828824'),
(501, '1718249871', '1718249871', '1718249871'),
(502, '1718292137', '1718292137', '1718292137'),
(503, '1718402603', '1718402603', '1718402603'),
(504, '1718533019', '1718533019', '1718533019'),
(505, '1718656919', '1718656919', '1718656919'),
(506, '1718661463', '1718661463', '1718661463'),
(507, '1718857335', '1718857335', '1718857335'),
(508, '1719004804', '1719004804', '1719004804'),
(509, '1719360685', '1719360685', '1719360685'),
(510, '1719620898', '1719620898', '1719620898'),
(511, '1719779496', '1719779496', '1719779496'),
(512, '1719818567', '1719818567', '1719818567'),
(513, '1719965806', '1719965806', '1719965806'),
(514, '1719967661', '1719967661', '1719967661'),
(515, '1720035698', '1720035698', '1720035698'),
(516, '1720039203', '1720039203', '1720039203'),
(517, '1720281391', '1720281391', '1720281391'),
(518, '1720336096', '1720336096', '1720336096'),
(519, '1720691789', '1720691789', '1720691789'),
(520, '1720720240', '1720720240', '1720720240'),
(521, '1721041612', '1721041612', '1721041612'),
(522, '1721302162', '1721302162', '1721302162'),
(523, '1721395034', '1721395034', '1721395034'),
(524, '1721399754', '1721399754', '1721399754'),
(525, '1721402475', '1721402475', '1721402475'),
(526, '1721595690', '1721595690', '1721595690'),
(527, '1721792099', '1721792099', '1721792099'),
(528, '1721832358', '1721832358', '1721832358'),
(529, '1722169701', '1722169701', '1722169701'),
(530, '1722206958', '1722206958', '1722206958'),
(531, '1722339320', '1722339320', '1722339320'),
(532, '1722525019', '1722525019', '1722525019'),
(533, '1722616057', '1722616057', '1722616057'),
(534, '1722630884', '1722630884', '1722630884'),
(535, '1722887070', '1722887070', '1722887070'),
(536, '1723506521', '1723506521', '1723506521'),
(537, '1723625859', '1723625859', '1723625859'),
(538, '1723654263', '1723654263', '1723654263'),
(539, '1724019425', '1724019425', '1724019425'),
(540, '1724124084', '1724124084', '1724124084'),
(541, '1724612641', '1724612641', '1724612641'),
(542, '1724643638', '1724643638', '1724643638'),
(543, '1724717176', '1724717176', '1724717176'),
(544, '1724762859', '1724762859', '1724762859'),
(545, '1725120941', '1725120941', '1725120941'),
(546, '1725134207', '1725134207', '1725134207'),
(547, '1725186264', '1725186264', '1725186264'),
(548, '1725326316', '1725326316', '1725326316'),
(549, '1725336190', '1725336190', '1725336190'),
(550, '1725371932', '1725371932', '1725371932'),
(551, '1725401549', '1725401549', '1725401549'),
(552, '1725426801', '1725426801', '1725426801'),
(553, '1725426868', '1725426868', '1725426868'),
(554, '1725511974', '1725511974', '1725511974'),
(555, '1725860710', '1725860710', '1725860710'),
(556, '1726003112', '1726003112', '1726003112'),
(557, '1726198243', '1726198243', '1726198243'),
(558, '1726323304', '1726323304', '1726323304'),
(559, '1726499765', '1726499765', '1726499765'),
(560, '1726640129', '1726640129', '1726640129'),
(561, '1727528646', '1727528646', '1727528646'),
(562, '1729257707', '1729257707', '1729257707'),
(563, '1750132449', '1750132449', '1750132449'),
(564, '1750188888', '1750188888', '1750188888'),
(565, '1750251165', '1750251165', '1750251165'),
(566, '1750583294', '1750583294', '1750583294'),
(567, '1751101922', '1751101922', '1751101922'),
(568, '1751415199', '1751415199', '1751415199'),
(569, '1751551209', '1751551209', '1751551209'),
(570, '1751885532', '1751885532', '1751885532'),
(571, '1752613149', '1752613149', '1752613149'),
(572, '1753055662', '1753055662', '1753055662'),
(573, '1753133584', '1753133584', '1753133584'),
(574, '1753531506', '1753531506', '1753531506'),
(575, '1754254397', '1754254397', '1754254397'),
(576, '1754440921', '1754440921', '1754440921'),
(577, '1755557830', '1755557830', '1755557830'),
(578, '1756201628', '1756201628', '1756201628'),
(579, '1757583115', '1757583115', '1757583115'),
(580, '1757596497', '1757596497', '1757596497'),
(581, '1757825219', '1757825219', '1757825219'),
(582, '1757991151', '1757991151', '1757991151'),
(583, '1758527699', '1758527699', '1758527699'),
(584, '1758598922', '1758598922', '1758598922'),
(585, '1758871766', '1758871766', '1758871766'),
(586, '1758991069', '1758991069', '1758991069'),
(587, '1759228610', '1759228610', '1759228610'),
(588, '1759520925', '1759520925', '1759520925'),
(589, '1759542804', '1759542804', '1759542804'),
(590, '1759625062', '1759625062', '1759625062'),
(591, '1759631300', '1759631300', '1759631300'),
(592, '1759664673', '1759664673', '1759664673'),
(593, '1759785361', '1759785361', '1759785361'),
(594, '1760490845', '1760490845', '1760490845'),
(595, '1760490993', '1760490993', '1760490993'),
(596, '1761014636', '1761014636', '1761014636'),
(597, '1802845147', '1802845147', '1802845147'),
(598, '1803610359', '1803610359', '1803610359'),
(599, '1804283701', '1804283701', '1804283701'),
(600, '1804296901', '1804296901', '1804296901'),
(601, '1804735494', '1804735494', '1804735494'),
(602, '201987179', '201987179', '201987179'),
(603, '2200069504', '2200069504', '2200069504'),
(604, '2300327703', '2300327703', '2300327703'),
(605, '503250730', '503250730', '503250730'),
(606, '504123225', '504123225', '504123225'),
(607, '6.54E+17', '6.54E+17', '6.54E+17'),
(608, '603855586', '603855586', '603855586'),
(609, '603964040', '603964040', '603964040'),
(610, '702763020', '702763020', '702763020'),
(611, '704068915', '704068915', '704068915'),
(612, '704511252', '704511252', '704511252'),
(613, '704615798', '704615798', '704615798'),
(614, '704650860', '704650860', '704650860'),
(615, '704785625', '704785625', '704785625'),
(616, '704893403', '704893403', '704893403'),
(617, '705216638', '705216638', '705216638'),
(618, '705229847', '705229847', '705229847'),
(619, '705760700', '705760700', '705760700'),
(620, '705860799', '705860799', '705860799'),
(621, '706012929', '706012929', '706012929'),
(622, '706117595', '706117595', '706117595'),
(623, '706253119', '706253119', '706253119'),
(624, '706366002', '706366002', '706366002'),
(625, '706376449', '706376449', '706376449'),
(626, '706526787', '706526787', '706526787'),
(627, '706564895', '706564895', '706564895'),
(628, '706806585', '706806585', '706806585'),
(629, '707048872', '707048872', '707048872'),
(630, '750612285', '750612285', '750612285'),
(631, '750724114', '750724114', '750724114'),
(632, '804232684', '804232684', '804232684'),
(633, '919397653', '919397653', '919397653'),
(634, '919758581', '919758581', '919758581'),
(635, '920960382', '920960382', '920960382'),
(636, '925053670', '925053670', '925053670'),
(637, '926059940', '926059940', '926059940'),
(638, '931103618', '931103618', '931103618'),
(639, '931303713', '931303713', '931303713'),
(640, '958842619', '958842619', '958842619'),
(641, '963415492', '963415492', '963415492'),
(642, '963675152', '963675152', '963675152');

--
-- Índices para tablas volcadas
--

--
-- Indices de la tabla `candidato`
--
ALTER TABLE `candidato`
  ADD PRIMARY KEY (`cedula`);

--
-- Indices de la tabla `cargo`
--
ALTER TABLE `cargo`
  ADD PRIMARY KEY (`id_cargo`);

--
-- Indices de la tabla `centro_costo`
--
ALTER TABLE `centro_costo`
  ADD PRIMARY KEY (`id_centro_costo`);

--
-- Indices de la tabla `contrato`
--
ALTER TABLE `contrato`
  ADD PRIMARY KEY (`id_contrato`);

--
-- Indices de la tabla `experiencia_laboral`
--
ALTER TABLE `experiencia_laboral`
  ADD PRIMARY KEY (`id_experiencia_laboral`,`cedula`),
  ADD KEY `persona_experiencia_laboral_fk` (`cedula`);

--
-- Indices de la tabla `personal`
--
ALTER TABLE `personal`
  ADD PRIMARY KEY (`id_personal`,`id_centro_costo`,`cedula`),
  ADD KEY `contrato_personal_fk` (`id_contrato`),
  ADD KEY `centro_costo_personal_fk` (`id_centro_costo`),
  ADD KEY `cargo_personal_fk` (`id_cargo`),
  ADD KEY `persona_personal_fk` (`cedula`);

--
-- Indices de la tabla `users`
--
ALTER TABLE `users`
  ADD PRIMARY KEY (`id`);

--
-- Indices de la tabla `usuario`
--
ALTER TABLE `usuario`
  ADD PRIMARY KEY (`id_usuario`,`cedula`),
  ADD KEY `persona_usuario_fk` (`cedula`);

--
-- AUTO_INCREMENT de las tablas volcadas
--

--
-- AUTO_INCREMENT de la tabla `contrato`
--
ALTER TABLE `contrato`
  MODIFY `id_contrato` int(11) NOT NULL AUTO_INCREMENT, AUTO_INCREMENT=219;

--
-- AUTO_INCREMENT de la tabla `experiencia_laboral`
--
ALTER TABLE `experiencia_laboral`
  MODIFY `id_experiencia_laboral` int(11) NOT NULL AUTO_INCREMENT, AUTO_INCREMENT=219;

--
-- AUTO_INCREMENT de la tabla `personal`
--
ALTER TABLE `personal`
  MODIFY `id_personal` int(11) NOT NULL AUTO_INCREMENT, AUTO_INCREMENT=219;

--
-- AUTO_INCREMENT de la tabla `users`
--
ALTER TABLE `users`
  MODIFY `id` int(11) NOT NULL AUTO_INCREMENT;

--
-- AUTO_INCREMENT de la tabla `usuario`
--
ALTER TABLE `usuario`
  MODIFY `id_usuario` int(11) NOT NULL AUTO_INCREMENT, AUTO_INCREMENT=643;

--
-- Restricciones para tablas volcadas
--

--
-- Filtros para la tabla `experiencia_laboral`
--
ALTER TABLE `experiencia_laboral`
  ADD CONSTRAINT `persona_experiencia_laboral_fk` FOREIGN KEY (`cedula`) REFERENCES `candidato` (`cedula`) ON DELETE NO ACTION ON UPDATE NO ACTION;

--
-- Filtros para la tabla `personal`
--
ALTER TABLE `personal`
  ADD CONSTRAINT `cargo_personal_fk` FOREIGN KEY (`id_cargo`) REFERENCES `cargo` (`id_cargo`) ON DELETE NO ACTION ON UPDATE NO ACTION,
  ADD CONSTRAINT `centro_costo_personal_fk` FOREIGN KEY (`id_centro_costo`) REFERENCES `centro_costo` (`id_centro_costo`) ON DELETE NO ACTION ON UPDATE NO ACTION,
  ADD CONSTRAINT `contrato_personal_fk` FOREIGN KEY (`id_contrato`) REFERENCES `contrato` (`id_contrato`) ON DELETE NO ACTION ON UPDATE NO ACTION,
  ADD CONSTRAINT `persona_personal_fk` FOREIGN KEY (`cedula`) REFERENCES `candidato` (`cedula`) ON DELETE NO ACTION ON UPDATE NO ACTION;

--
-- Filtros para la tabla `usuario`
--
ALTER TABLE `usuario`
  ADD CONSTRAINT `persona_usuario_fk` FOREIGN KEY (`cedula`) REFERENCES `candidato` (`cedula`) ON DELETE NO ACTION ON UPDATE NO ACTION;
COMMIT;

/*!40101 SET CHARACTER_SET_CLIENT=@OLD_CHARACTER_SET_CLIENT */;
/*!40101 SET CHARACTER_SET_RESULTS=@OLD_CHARACTER_SET_RESULTS */;
/*!40101 SET COLLATION_CONNECTION=@OLD_COLLATION_CONNECTION */;
